Workbook

Sheet README
B2: 🧴 Moisturisers — Formula-Driven Interactive Dashboard
B3: Retention & category intelligence · Jan 2024 – Jun 2026 · works entirely with native Excel formulas (no macros)
B5: HOW TO USE WITH YOUR FULL RAW DUMP (155,537 orders)
B6: 1. Open the DATA sheet. Row 1 holds the exact column headers of your raw journey dump.
B7: 2. Select cell A2 and paste your whole dump over the sample rows (all 35 columns, any number of rows).
B8: 3. The grey helper columns (AJ onwards) auto-fill for pasted rows because DATA is an Excel Table.
B9: If they ever stop at the old row count: click the last filled helper cell, copy (Ctrl+C),
B10: select down to your last data row (Ctrl+Shift+End on the helper columns), and paste (Ctrl+V).
B11: 4. Press F9 to recalculate (first full recalc on 155k rows can take a minute or two).
B12: 5. Everything else updates by itself: DASHBOARD tiles, CONCLUSIONS text, VARIANTS and GRAMMAGE tables.
B14: WHAT EACH SHEET DOES
B15: DASHBOARD — the interactive mockup: dropdown filters (Category, Variant SKU, From/To month, Journey Depth, Geo region)
... B31: · Seasonality strength: Highly ≥40% of orders in peak season · Moderately 30–40% · Evergreen <30%.

Sheet DASHBOARD
B2: 🧴 NAT HABIT — RETENTION DASHBOARD
B3: Dropdown filters drive every tile below (cohort = customers whose FIRST order matches)
B4: Category | C4: All
B6: Variant (SKU) | C6: All
B8: From month | C8: All
B10: To month | C10: All
B12: Journey depth | C12: All
B14: Geo region | C14: All
B17: COHORT
B18: Customers in cohort | C18: =COUNTIFS(DATA!$CZ:$CZ,1)
B19: Total orders | C19: =SUMIFS(DATA!$AH:$AH,DATA!$CZ:$CZ,1)
B20: Repeat buyers | C20: =COUNTIFS(DATA!$CZ:$CZ,1,DATA!$AI:$AI,1)
B21: Repeat rate | C21: =IFERROR(C20/C18,"")
B23: SEASONALITY (orders by variant's intended season line)
B24: Cold Winter (Dec–Feb) variants | C24: =COUNTIFS(DATA!$CZ:$CZ,1,DATA!$AS:$AS,"Cold Winter")+COUNTIFS(DATA!$CZ:$CZ,1,DATA!$BB:$BB,"Cold Winter")+COUNTIFS(DATA!$CZ:$CZ,1,DATA!$BK:$BK,"Cold Winter")+COUNTIFS(DATA!$CZ:$CZ,1,DATA!$BT:$BT,"Cold Winter")+COUNTIFS(DATA!$CZ:$CZ,1,DATA!$CC:$CC,"Cold Winter")+COUNTIFS(DATA!$CZ:$CZ,1,DATA!$CL:$CL,"Cold Winter")
B25: Hot Dry (Mar–May) variants | C25: =COUNTIFS(DATA!$CZ:$CZ,1,DATA!$AS:$AS,"Hot Dry")+COUNTIFS(DATA!$CZ:$CZ,1,DATA!$BB:$BB,"Hot Dry")+COUNTIFS(DATA!$CZ:$CZ,1,DATA!$BK:$BK,"Hot Dry")+COUNTIFS(DATA!$CZ:$CZ,1,DATA!$BT:$BT,"Hot Dry")+COUNTIFS(DATA!$CZ:$CZ,1,DATA!$CC:$CC,"Hot Dry")+COUNTIFS(DATA!$CZ:$CZ,1,DATA!$CL:$CL,"Hot Dry")
B26: Hot Humid (Jun–Sep) variants | C26: =COUNTIFS(DATA!$CZ:$CZ,1,DATA!$AS:$AS,"Hot Humid")+COUNTIFS(DATA!$CZ:$CZ,1,DATA!$BB:$BB,"Hot Humid")+COUNTIFS(DATA!$CZ:$CZ,1,DATA!$BK:$BK,"Hot Humid")+COUNTIFS(DATA!$CZ:$CZ,1,DATA!$BT:$BT,"Hot Humid")+COUNTIFS(DATA!$CZ:$CZ,1,DATA!$CC:$CC,"Hot Humid")+COUNTIFS(DATA!$CZ:$CZ,1,DATA!$CL:$CL,"Hot Humid")
B27: Non-Seasonal / Concern variants | C27: =COUNTIFS(DATA!$CZ:$CZ,1,DATA!$AS:$AS,"Non-Seasonal")+COUNTIFS(DATA!$CZ:$CZ,1,DATA!$BB:$BB,"Non-Seasonal")+COUNTIFS(DATA!$CZ:$CZ,1,DATA!$BK:$BK,"Non-Seasonal")+COUNTIFS(DATA!$CZ:$CZ,1,DATA!$BT:$BT,"Non-Seasonal")+COUNTIFS(DATA!$CZ:$CZ,1,DATA!$CC:$CC,"Non-Seasonal")+COUNTIFS(DATA!$CZ:$CZ,1,DATA!$CL:$CL,"Non-Seasonal")
B28: Peak Season | C28: =IF(SUM(C24:C27)=0,"—",INDEX({"Cold Winter";"Hot Dry";"Hot Humid";"Non-Seasonal"},MATCH(MAX(C24:C27),C24:C27,0)))
B29: Purchase timing (calendar month buckets): | C29: =COUNTIFS(DATA!$CZ:$CZ,1,DATA!$AR:$AR,"Cold Winter")+COUNTIFS(DATA!$CZ:$CZ,1,DATA!$BA:$BA,"Cold Winter")+COUNTIFS(DATA!$CZ:$CZ,1,DATA!$BJ:$BJ,"Cold Winter")+COUNTIFS(DATA!$CZ:$CZ,1,DATA!$BS:$BS,"Cold Winter")+COUNTIFS(DATA!$CZ:$CZ,1,DATA!$CB:$CB,"Cold Winter")+COUNTIFS(DATA!$CZ:$CZ,1,DATA!$CK:$CK,"Cold Winter") | D29: =COUNTIFS(DATA!$CZ:$CZ,1,DATA!$AR:$AR,"Hot Dry")+COUNTIFS(DATA!$CZ:$CZ,1,DATA!$BA:$BA,"Hot Dry")+COUNTIFS(DATA!$CZ:$CZ,1,DATA!$BJ:$BJ,"Hot Dry")+COUNTIFS(DATA!$CZ:$CZ,1,DATA!$BS:$BS,"Hot Dry")+COUNTIFS(DATA!$CZ:$CZ,1,DATA!$CB:$CB,"Hot Dry")+COUNTIFS(DATA!$CZ:$CZ,1,DATA!$CK:$CK,"Hot Dry") | E29: =COUNTIFS(DATA!$CZ:$CZ,1,DATA!$AR:$AR,"Hot Humid")+COUNTIFS(DATA!$CZ:$CZ,1,DATA!$BA:$BA,"Hot Humid")+COUNTIFS(DATA!$CZ:$CZ,1,DATA!$BJ:$BJ,"Hot Humid")+COUNTIFS(DATA!$CZ:$CZ,1,DATA!$BS:$BS,"Hot Humid")+COUNTIFS(DATA!$CZ:$CZ,1,DATA!$CB:$CB,"Hot Humid")+COUNTIFS(DATA!$CZ:$CZ,1,DATA!$CK:$CK,"Hot Humid") | F29: =COUNTIFS(DATA!$CZ:$CZ,1,DATA!$AR:$AR,"Post-Monsoon")+COUNTIFS(DATA!$CZ:$CZ,1,DATA!$BA:$BA,"Post-Monsoon")+COUNTIFS(DATA!$CZ:$CZ,1,DATA!$BJ:$BJ,"Post-Monsoon")+COUNTIFS(DATA!$CZ:$CZ,1,DATA!$BS:$BS,"Post-Monsoon")+COUNTIFS(DATA!$CZ:$CZ,1,DATA!$CB:$CB,"Post-Monsoon")+COUNTIFS(DATA!$CZ:$CZ,1,DATA!$CK:$CK,"Post-Monsoon")
C30: Cold Winter | D30: Hot Dry | E30: Hot Humid | F30: Post-Monsoon
B32: GELS & TOTALS
B33: Active Gel Count | C33: =COUNTIFS(DATA!$CZ:$CZ,1,DATA!$AN:$AN,"Active Gel")+COUNTIFS(DATA!$CZ:$CZ,1,DATA!$AW:$AW,"Active Gel")+COUNTIFS(DATA!$CZ:$CZ,1,DATA!$BF:$BF,"Active Gel")+COUNTIFS(DATA!$CZ:$CZ,1,DATA!$BO:$BO,"Active Gel")+COUNTIFS(DATA!$CZ:$CZ,1,DATA!$BX:$BX,"Active Gel")+COUNTIFS(DATA!$CZ:$CZ,1,DATA!$CG:$CG,"Active Gel")
B34: Aloevera Gel Count | C34: =COUNTIFS(DATA!$CZ:$CZ,1,DATA!$AN:$AN,"Aloe Vera Gel")+COUNTIFS(DATA!$CZ:$CZ,1,DATA!$AW:$AW,"Aloe Vera Gel")+COUNTIFS(DATA!$CZ:$CZ,1,DATA!$BF:$BF,"Aloe Vera Gel")+COUNTIFS(DATA!$CZ:$CZ,1,DATA!$BO:$BO,"Aloe Vera Gel")+COUNTIFS(DATA!$CZ:$CZ,1,DATA!$BX:$BX,"Aloe Vera Gel")+COUNTIFS(DATA!$CZ:$CZ,1,DATA!$CG:$CG,"Aloe Vera Gel")
B35: Face Malai Count | C35: =COUNTIFS(DATA!$CZ:$CZ,1,DATA!$AN:$AN,"Face Malai")+COUNTIFS(DATA!$CZ:$CZ,1,DATA!$AW:$AW,"Face Malai")+COUNTIFS(DATA!$CZ:$CZ,1,DATA!$BF:$BF,"Face Malai")+COUNTIFS(DATA!$CZ:$CZ,1,DATA!$BO:$BO,"Face Malai")+COUNTIFS(DATA!$CZ:$CZ,1,DATA!$BX:$BX,"Face Malai")+COUNTIFS(DATA!$CZ:$CZ,1,DATA!$CG:$CG,"Face Malai")
B36: Total Orders | C36: =SUMIFS(DATA!$AH:$AH,DATA!$CZ:$CZ,1)
B38: LOYALTY & JOURNEY
B39: Repeat customers (2+ orders) | C39: =COUNTIFS(DATA!$CZ:$CZ,1,DATA!$CQ:$CQ,1)
B40: V2V Loyalty % | C40: =IFERROR(COUNTIFS(DATA!$CZ:$CZ,1,DATA!$CQ:$CQ,1,DATA!$CX:$CX,1)/C39,"")
B41: V2C Loyalty % | C41: =IFERROR(COUNTIFS(DATA!$CZ:$CZ,1,DATA!$CQ:$CQ,1,DATA!$CY:$CY,1)/C39,"")
B42: Avg Purchase Days V2V | C42: =IFERROR(AVERAGEIFS(DATA!$CW:$CW,DATA!$CZ:$CZ,1,DATA!$CX:$CX,1),"")
B43: Avg Purchase Days V2C | C43: =IFERROR(AVERAGEIFS(DATA!$CW:$CW,DATA!$CZ:$CZ,1,DATA!$CY:$CY,1),"")
B44: Avg Order Count V2V | C44: =IFERROR(AVERAGEIFS(DATA!$AH:$AH,DATA!$CZ:$CZ,1,DATA!$CX:$CX,1),"")
B45: Avg Order Count V2C | C45: =IFERROR(AVERAGEIFS(DATA!$AH:$AH,DATA!$CZ:$CZ,1,DATA!$CY:$CY,1),"")

Sheet CONCLUSIONS
B1: FORMULA-DRIVEN CONCLUSIONS — whole workbook level
B2: Every number is computed and every verdict is a formula branch; they update as soon as DATA changes.
B4: Is Face Malai Seasonal? | C4: =IF(COUNTIF(VARIANTS!$K$3:$K$21,"Highly Seasonal")=0,IF(COUNTIF(VARIANTS!$K$3:$K$21,"Evergreen")>0,"NO — Mostly evergreen with "&COUNTIF(VARIANTS!$K$3:$K$21,"Evergreen")&" evergreen variants","MIXED"),IF(COUNTIF(VARIANTS!$K$3:$K$21,"Highly Seasonal")>=COUNTIF(VARIANTS!$K$3:$K$21,"Evergreen"),"YES — "&COUNTIF(VARIANTS!$K$3:$K$21,"Highly Seasonal")&" of "&COUNTIF(VARIANTS!$I$3:$I$21,"<>Gel")&" Face Malai variants are highly seasonal","MIXED — "&COUNTIF(VARIANTS!$K$3:$K$21,"Highly Seasonal")&" highly seasonal vs "&COUNTIF(VARIANTS!$K$3:$K$21,"Evergreen")&" evergreen variants"))
B5: Overall Repeat Behaviour | C5: =IFERROR(TEXT(GRAMMAGE!D9/GRAMMAGE!C9,"0%")&" of all face moisturiser transitions are same product repeats ("&TEXT(GRAMMAGE!D9,"#,##0")&" of "&TEXT(GRAMMAGE!C9,"#,##0")&" transitions). "&IF(GRAMMAGE!D9/GRAMMAGE!C9>=0.6,"STRONG",IF(GRAMMAGE!D9/GRAMMAGE!C9>=0.45,"MODERATE","WEAK"))&" — switching behaviour exists across sizes and formats.","")
B6: 30g → 50g Conversion (FM Only) | C6: ="Out of "&TEXT(GRAMMAGE!C4,"#,##0")&" FM 30g transitions — "&TEXT(GRAMMAGE!L4,"#,##0")&" ("&TEXT(IFERROR(GRAMMAGE!L4/GRAMMAGE!C4,0),"0%")&") moved to FM 50g. "&IF(GRAMMAGE!L4>=GRAMMAGE!M4,"This is the primary internal upsize path.","Secondary — the cross-category gel switch is bigger.")
B7: 30g → Active Gel (Cross-Category Upsize) | C7: ="Out of "&TEXT(GRAMMAGE!C4,"#,##0")&" FM 30g transitions — "&TEXT(GRAMMAGE!M4,"#,##0")&" ("&TEXT(IFERROR(GRAMMAGE!M4/GRAMMAGE!C4,0),"0%")&") moved to Active Gel 50g. "&IF(GRAMMAGE!M4>GRAMMAGE!L4,"More 30g buyers move to Active Gel than FM 50g — gel format has stronger pull than size upgrade within FM.","FM 50g currently converts better than the gel switch.")
B8: Downsize Risk Assessment | C8: ="DOWNSIZE ALERT: "&TEXT(IFERROR(GRAMMAGE!N5/GRAMMAGE!C5,0),"0%")&" of FM 50g buyers drop to 30g ("&TEXT(GRAMMAGE!N5,"#,##0")&" transitions). AND "&TEXT(IFERROR(GRAMMAGE!O6/GRAMMAGE!C6,0),"0%")&" of Active Gel buyers also drop to FM 30g ("&TEXT(GRAMMAGE!O6,"#,##0")&" transitions). "&IF(OR(IFERROR(GRAMMAGE!N5/GRAMMAGE!C5,0)>=0.2,IFERROR(GRAMMAGE!O6/GRAMMAGE!C6,0)>=0.2),"Portfolio-wide downsize pressure detected.","Downsize pressure within tolerance.")
B9: Key Business Recommendation | C9: =IF(GRAMMAGE!M4>GRAMMAGE!L4,"FOCUS: 30g buyers prefer switching to Active Gel over FM 50g. Bundle strategy: FM 30g + Active Gel 50g trial kit could accelerate this natural behaviour.","FOCUS: strengthen the FM 30g → FM 50g upsize path ("&TEXT(IFERROR(GRAMMAGE!L4/GRAMMAGE!C4,0),"0%")&" today). Consider 50g refill pricing or a size-up nudge at reorder.")

Sheet VARIANTS
A1: VARIANT SUMMARY — whole workbook (ignores dashboard filters)
A2: Variant | B2: Cold Winter | C2: Hot Dry | D2: Hot Humid | E2: Post-Monsoon | F2: Total Orders | G2: Peak Season | H2: Peak Share | I2: Intended Season | J2: Season Match? | K2: Seasonality Strength | L2: Entry Users | M2: Bought Once | N2: Repeat Rate | O2: Avg Days 1→2
A3: Flax Walnut | B3: =COUNTIFS(DATA!$AO:$AO,$A3,DATA!$AR:$AR,"Cold Winter")+COUNTIFS(DATA!$AX:$AX,$A3,DATA!$BA:$BA,"Cold Winter")+COUNTIFS(DATA!$BG:$BG,$A3,DATA!$BJ:$BJ,"Cold Winter")+COUNTIFS(DATA!$BP:$BP,$A3,DATA!$BS:$BS,"Cold Winter")+COUNTIFS(DATA!$BY:$BY,$A3,DATA!$CB:$CB,"Cold Winter")+COUNTIFS(DATA!$CH:$CH,$A3,DATA!$CK:$CK,"Cold Winter") | C3: =COUNTIFS(DATA!$AO:$AO,$A3,DATA!$AR:$AR,"Hot Dry")+COUNTIFS(DATA!$AX:$AX,$A3,DATA!$BA:$BA,"Hot Dry")+COUNTIFS(DATA!$BG:$BG,$A3,DATA!$BJ:$BJ,"Hot Dry")+COUNTIFS(DATA!$BP:$BP,$A3,DATA!$BS:$BS,"Hot Dry")+COUNTIFS(DATA!$BY:$BY,$A3,DATA!$CB:$CB,"Hot Dry")+COUNTIFS(DATA!$CH:$CH,$A3,DATA!$CK:$CK,"Hot Dry") | D3: =COUNTIFS(DATA!$AO:$AO,$A3,DATA!$AR:$AR,"Hot Humid")+COUNTIFS(DATA!$AX:$AX,$A3,DATA!$BA:$BA,"Hot Humid")+COUNTIFS(DATA!$BG:$BG,$A3,DATA!$BJ:$BJ,"Hot Humid")+COUNTIFS(DATA!$BP:$BP,$A3,DATA!$BS:$BS,"Hot Humid")+COUNTIFS(DATA!$BY:$BY,$A3,DATA!$CB:$CB,"Hot Humid")+COUNTIFS(DATA!$CH:$CH,$A3,DATA!$CK:$CK,"Hot Humid") | E3: =COUNTIFS(DATA!$AO:$AO,$A3,DATA!$AR:$AR,"Post-Monsoon")+COUNTIFS(DATA!$AX:$AX,$A3,DATA!$BA:$BA,"Post-Monsoon")+COUNTIFS(DATA!$BG:$BG,$A3,DATA!$BJ:$BJ,"Post-Monsoon")+COUNTIFS(DATA!$BP:$BP,$A3,DATA!$BS:$BS,"Post-Monsoon")+COUNTIFS(DATA!$BY:$BY,$A3,DATA!$CB:$CB,"Post-Monsoon")+COUNTIFS(DATA!$CH:$CH,$A3,DATA!$CK:$CK,"Post-Monsoon") | F3: =SUM(B3:E3) | G3: =IF(F3=0,"—",INDEX({"Cold Winter";"Hot Dry";"Hot Humid";"Post-Monsoon"},MATCH(MAX(B3:E3),B3:E3,0))) | H3: =IFERROR(MAX(B3:E3)/F3,"") | I3: =IFERROR(VLOOKUP($A3,DECODE!$K$3:$L$21,2,FALSE),"") | J3: =IF(OR(I3="Non-Seasonal",I3="Gel"),"—",IF(G3=I3,"Matches","No Match")) | K3: =IF(J3="—",IF(I3="Gel","—","Evergreen"),IF(H3>=0.4,"Highly Seasonal",IF(H3>=0.3,"Moderately Seasonal","Evergreen"))) | L3: =COUNTIFS(DATA!$AO:$AO,$A3) | M3: =COUNTIFS(DATA!$AO:$AO,$A3,DATA!$AH:$AH,1) | N3: =IFERROR(1-M3/L3,"") | O3: =IFERROR(AVERAGEIFS(DATA!$CW:$CW,DATA!$CN:$CN,$A3),"")
A4: Tomato Patchouli | B4: =COUNTIFS(DATA!$AO:$AO,$A4,DATA!$AR:$AR,"Cold Winter")+COUNTIFS(DATA!$AX:$AX,$A4,DATA!$BA:$BA,"Cold Winter")+COUNTIFS(DATA!$BG:$BG,$A4,DATA!$BJ:$BJ,"Cold Winter")+COUNTIFS(DATA!$BP:$BP,$A4,DATA!$BS:$BS,"Cold Winter")+COUNTIFS(DATA!$BY:$BY,$A4,DATA!$CB:$CB,"Cold Winter")+COUNTIFS(DATA!$CH:$CH,$A4,DATA!$CK:$CK,"Cold Winter") | C4: =COUNTIFS(DATA!$AO:$AO,$A4,DATA!$AR:$AR,"Hot Dry")+COUNTIFS(DATA!$AX:$AX,$A4,DATA!$BA:$BA,"Hot Dry")+COUNTIFS(DATA!$BG:$BG,$A4,DATA!$BJ:$BJ,"Hot Dry")+COUNTIFS(DATA!$BP:$BP,$A4,DATA!$BS:$BS,"Hot Dry")+COUNTIFS(DATA!$BY:$BY,$A4,DATA!$CB:$CB,"Hot Dry")+COUNTIFS(DATA!$CH:$CH,$A4,DATA!$CK:$CK,"Hot Dry") | D4: =COUNTIFS(DATA!$AO:$AO,$A4,DATA!$AR:$AR,"Hot Humid")+COUNTIFS(DATA!$AX:$AX,$A4,DATA!$BA:$BA,"Hot Humid")+COUNTIFS(DATA!$BG:$BG,$A4,DATA!$BJ:$BJ,"Hot Humid")+COUNTIFS(DATA!$BP:$BP,$A4,DATA!$BS:$BS,"Hot Humid")+COUNTIFS(DATA!$BY:$BY,$A4,DATA!$CB:$CB,"Hot Humid")+COUNTIFS(DATA!$CH:$CH,$A4,DATA!$CK:$CK,"Hot Humid") | E4: =COUNTIFS(DATA!$AO:$AO,$A4,DATA!$AR:$AR,"Post-Monsoon")+COUNTIFS(DATA!$AX:$AX,$A4,DATA!$BA:$BA,"Post-Monsoon")+COUNTIFS(DATA!$BG:$BG,$A4,DATA!$BJ:$BJ,"Post-Monsoon")+COUNTIFS(DATA!$BP:$BP,$A4,DATA!$BS:$BS,"Post-Monsoon")+COUNTIFS(DATA!$BY:$BY,$A4,DATA!$CB:$CB,"Post-Monsoon")+COUNTIFS(DATA!$CH:$CH,$A4,DATA!$CK:$CK,"Post-Monsoon") | F4: =SUM(B4:E4) | G4: =IF(F4=0,"—",INDEX({"Cold Winter";"Hot Dry";"Hot Humid";"Post-Monsoon"},MATCH(MAX(B4:E4),B4:E4,0))) | H4: =IFERROR(MAX(B4:E4)/F4,"") | I4: =IFERROR(VLOOKUP($A4,DECODE!$K$3:$L$21,2,FALSE),"") | J4: =IF(OR(I4="Non-Seasonal",I4="Gel"),"—",IF(G4=I4,"Matches","No Match")) | K4: =IF(J4="—",IF(I4="Gel","—","Evergreen"),IF(H4>=0.4,"Highly Seasonal",IF(H4>=0.3,"Moderately Seasonal","Evergreen"))) | L4: =COUNTIFS(DATA!$AO:$AO,$A4) | M4: =COUNTIFS(DATA!$AO:$AO,$A4,DATA!$AH:$AH,1) | N4: =IFERROR(1-M4/L4,"") | O4: =IFERROR(AVERAGEIFS(DATA!$CW:$CW,DATA!$CN:$CN,$A4),"")
A5: Winter Blackseed | B5: =COUNTIFS(DATA!$AO:$AO,$A5,DATA!$AR:$AR,"Cold Winter")+COUNTIFS(DATA!$AX:$AX,$A5,DATA!$BA:$BA,"Cold Winter")+COUNTIFS(DATA!$BG:$BG,$A5,DATA!$BJ:$BJ,"Cold Winter")+COUNTIFS(DATA!$BP:$BP,$A5,DATA!$BS:$BS,"Cold Winter")+COUNTIFS(DATA!$BY:$BY,$A5,DATA!$CB:$CB,"Cold Winter")+COUNTIFS(DATA!$CH:$CH,$A5,DATA!$CK:$CK,"Cold Winter") | C5: =COUNTIFS(DATA!$AO:$AO,$A5,DATA!$AR:$AR,"Hot Dry")+COUNTIFS(DATA!$AX:$AX,$A5,DATA!$BA:$BA,"Hot Dry")+COUNTIFS(DATA!$BG:$BG,$A5,DATA!$BJ:$BJ,"Hot Dry")+COUNTIFS(DATA!$BP:$BP,$A5,DATA!$BS:$BS,"Hot Dry")+COUNTIFS(DATA!$BY:$BY,$A5,DATA!$CB:$CB,"Hot Dry")+COUNTIFS(DATA!$CH:$CH,$A5,DATA!$CK:$CK,"Hot Dry") | D5: =COUNTIFS(DATA!$AO:$AO,$A5,DATA!$AR:$AR,"Hot Humid")+COUNTIFS(DATA!$AX:$AX,$A5,DATA!$BA:$BA,"Hot Humid")+COUNTIFS(DATA!$BG:$BG,$A5,DATA!$BJ:$BJ,"Hot Humid")+COUNTIFS(DATA!$BP:$BP,$A5,DATA!$BS:$BS,"Hot Humid")+COUNTIFS(DATA!$BY:$BY,$A5,DATA!$CB:$CB,"Hot Humid")+COUNTIFS(DATA!$CH:$CH,$A5,DATA!$CK:$CK,"Hot Humid") | E5: =COUNTIFS(DATA!$AO:$AO,$A5,DATA!$AR:$AR,"Post-Monsoon")+COUNTIFS(DATA!$AX:$AX,$A5,DATA!$BA:$BA,"Post-Monsoon")+COUNTIFS(DATA!$BG:$BG,$A5,DATA!$BJ:$BJ,"Post-Monsoon")+COUNTIFS(DATA!$BP:$BP,$A5,DATA!$BS:$BS,"Post-Monsoon")+COUNTIFS(DATA!$BY:$BY,$A5,DATA!$CB:$CB,"Post-Monsoon")+COUNTIFS(DATA!$CH:$CH,$A5,DATA!$CK:$CK,"Post-Monsoon") | F5: =SUM(B5:E5) | G5: =IF(F5=0,"—",INDEX({"Cold Winter";"Hot Dry";"Hot Humid";"Post-Monsoon"},MATCH(MAX(B5:E5),B5:E5,0))) | H5: =IFERROR(MAX(B5:E5)/F5,"") | I5: =IFERROR(VLOOKUP($A5,DECODE!$K$3:$L$21,2,FALSE),"") | J5: =IF(OR(I5="Non-Seasonal",I5="Gel"),"—",IF(G5=I5,"Matches","No Match")) | K5: =IF(J5="—",IF(I5="Gel","—","Evergreen"),IF(H5>=0.4,"Highly Seasonal",IF(H5>=0.3,"Moderately Seasonal","Evergreen"))) | L5: =COUNTIFS(DATA!$AO:$AO,$A5) | M5: =COUNTIFS(DATA!$AO:$AO,$A5,DATA!$AH:$AH,1) | N5: =IFERROR(1-M5/L5,"") | O5: =IFERROR(AVERAGEIFS(DATA!$CW:$CW,DATA!$CN:$CN,$A5),"")
A6: Flax Bakuchi | B6: =COUNTIFS(DATA!$AO:$AO,$A6,DATA!$AR:$AR,"Cold Winter")+COUNTIFS(DATA!$AX:$AX,$A6,DATA!$BA:$BA,"Cold Winter")+COUNTIFS(DATA!$BG:$BG,$A6,DATA!$BJ:$BJ,"Cold Winter")+COUNTIFS(DATA!$BP:$BP,$A6,DATA!$BS:$BS,"Cold Winter")+COUNTIFS(DATA!$BY:$BY,$A6,DATA!$CB:$CB,"Cold Winter")+COUNTIFS(DATA!$CH:$CH,$A6,DATA!$CK:$CK,"Cold Winter") | C6: =COUNTIFS(DATA!$AO:$AO,$A6,DATA!$AR:$AR,"Hot Dry")+COUNTIFS(DATA!$AX:$AX,$A6,DATA!$BA:$BA,"Hot Dry")+COUNTIFS(DATA!$BG:$BG,$A6,DATA!$BJ:$BJ,"Hot Dry")+COUNTIFS(DATA!$BP:$BP,$A6,DATA!$BS:$BS,"Hot Dry")+COUNTIFS(DATA!$BY:$BY,$A6,DATA!$CB:$CB,"Hot Dry")+COUNTIFS(DATA!$CH:$CH,$A6,DATA!$CK:$CK,"Hot Dry") | D6: =COUNTIFS(DATA!$AO:$AO,$A6,DATA!$AR:$AR,"Hot Humid")+COUNTIFS(DATA!$AX:$AX,$A6,DATA!$BA:$BA,"Hot Humid")+COUNTIFS(DATA!$BG:$BG,$A6,DATA!$BJ:$BJ,"Hot Humid")+COUNTIFS(DATA!$BP:$BP,$A6,DATA!$BS:$BS,"Hot Humid")+COUNTIFS(DATA!$BY:$BY,$A6,DATA!$CB:$CB,"Hot Humid")+COUNTIFS(DATA!$CH:$CH,$A6,DATA!$CK:$CK,"Hot Humid") | E6: =COUNTIFS(DATA!$AO:$AO,$A6,DATA!$AR:$AR,"Post-Monsoon")+COUNTIFS(DATA!$AX:$AX,$A6,DATA!$BA:$BA,"Post-Monsoon")+COUNTIFS(DATA!$BG:$BG,$A6,DATA!$BJ:$BJ,"Post-Monsoon")+COUNTIFS(DATA!$BP:$BP,$A6,DATA!$BS:$BS,"Post-Monsoon")+COUNTIFS(DATA!$BY:$BY,$A6,DATA!$CB:$CB,"Post-Monsoon")+COUNTIFS(DATA!$CH:$CH,$A6,DATA!$CK:$CK,"Post-Monsoon") | F6: =SUM(B6:E6) | G6: =IF(F6=0,"—",INDEX({"Cold Winter";"Hot Dry";"Hot Humid";"Post-Monsoon"},MATCH(MAX(B6:E6),B6:E6,0))) | H6: =IFERROR(MAX(B6:E6)/F6,"") | I6: =IFERROR(VLOOKUP($A6,DECODE!$K$3:$L$21,2,FALSE),"") | J6: =IF(OR(I6="Non-Seasonal",I6="Gel"),"—",IF(G6=I6,"Matches","No Match")) | K6: =IF(J6="—",IF(I6="Gel","—","Evergreen"),IF(H6>=0.4,"Highly Seasonal",IF(H6>=0.3,"Moderately Seasonal","Evergreen"))) | L6: =COUNTIFS(DATA!$AO:$AO,$A6) | M6: =COUNTIFS(DATA!$AO:$AO,$A6,DATA!$AH:$AH,1) | N6: =IFERROR(1-M6/L6,"") | O6: =IFERROR(AVERAGEIFS(DATA!$CW:$CW,DATA!$CN:$CN,$A6),"")
A7: Tomato Rosehip | B7: =COUNTIFS(DATA!$AO:$AO,$A7,DATA!$AR:$AR,"Cold Winter")+COUNTIFS(DATA!$AX:$AX,$A7,DATA!$BA:$BA,"Cold Winter")+COUNTIFS(DATA!$BG:$BG,$A7,DATA!$BJ:$BJ,"Cold Winter")+COUNTIFS(DATA!$BP:$BP,$A7,DATA!$BS:$BS,"Cold Winter")+COUNTIFS(DATA!$BY:$BY,$A7,DATA!$CB:$CB,"Cold Winter")+COUNTIFS(DATA!$CH:$CH,$A7,DATA!$CK:$CK,"Cold Winter") | C7: =COUNTIFS(DATA!$AO:$AO,$A7,DATA!$AR:$AR,"Hot Dry")+COUNTIFS(DATA!$AX:$AX,$A7,DATA!$BA:$BA,"Hot Dry")+COUNTIFS(DATA!$BG:$BG,$A7,DATA!$BJ:$BJ,"Hot Dry")+COUNTIFS(DATA!$BP:$BP,$A7,DATA!$BS:$BS,"Hot Dry")+COUNTIFS(DATA!$BY:$BY,$A7,DATA!$CB:$CB,"Hot Dry")+COUNTIFS(DATA!$CH:$CH,$A7,DATA!$CK:$CK,"Hot Dry") | D7: =COUNTIFS(DATA!$AO:$AO,$A7,DATA!$AR:$AR,"Hot Humid")+COUNTIFS(DATA!$AX:$AX,$A7,DATA!$BA:$BA,"Hot Humid")+COUNTIFS(DATA!$BG:$BG,$A7,DATA!$BJ:$BJ,"Hot Humid")+COUNTIFS(DATA!$BP:$BP,$A7,DATA!$BS:$BS,"Hot Humid")+COUNTIFS(DATA!$BY:$BY,$A7,DATA!$CB:$CB,"Hot Humid")+COUNTIFS(DATA!$CH:$CH,$A7,DATA!$CK:$CK,"Hot Humid") | E7: =COUNTIFS(DATA!$AO:$AO,$A7,DATA!$AR:$AR,"Post-Monsoon")+COUNTIFS(DATA!$AX:$AX,$A7,DATA!$BA:$BA,"Post-Monsoon")+COUNTIFS(DATA!$BG:$BG,$A7,DATA!$BJ:$BJ,"Post-Monsoon")+COUNTIFS(DATA!$BP:$BP,$A7,DATA!$BS:$BS,"Post-Monsoon")+COUNTIFS(DATA!$BY:$BY,$A7,DATA!$CB:$CB,"Post-Monsoon")+COUNTIFS(DATA!$CH:$CH,$A7,DATA!$CK:$CK,"Post-Monsoon") | F7: =SUM(B7:E7) | G7: =IF(F7=0,"—",INDEX({"Cold Winter";"Hot Dry";"Hot Humid";"Post-Monsoon"},MATCH(MAX(B7:E7),B7:E7,0))) | H7: =IFERROR(MAX(B7:E7)/F7,"") | I7: =IFERROR(VLOOKUP($A7,DECODE!$K$3:$L$21,2,FALSE),"") | J7: =IF(OR(I7="Non-Seasonal",I7="Gel"),"—",IF(G7=I7,"Matches","No Match")) | K7: =IF(J7="—",IF(I7="Gel","—","Evergreen"),IF(H7>=0.4,"Highly Seasonal",IF(H7>=0.3,"Moderately Seasonal","Evergreen"))) | L7: =COUNTIFS(DATA!$AO:$AO,$A7) | M7: =COUNTIFS(DATA!$AO:$AO,$A7,DATA!$AH:$AH,1) | N7: =IFERROR(1-M7/L7,"") | O7: =IFERROR(AVERAGEIFS(DATA!$CW:$CW,DATA!$CN:$CN,$A7),"")
A8: Pomegranate Tulsi | B8: =COUNTIFS(DATA!$AO:$AO,$A8,DATA!$AR:$AR,"Cold Winter")+COUNTIFS(DATA!$AX:$AX,$A8,DATA!$BA:$BA,"Cold Winter")+COUNTIFS(DATA!$BG:$BG,$A8,DATA!$BJ:$BJ,"Cold Winter")+COUNTIFS(DATA!$BP:$BP,$A8,DATA!$BS:$BS,"Cold Winter")+COUNTIFS(DATA!$BY:$BY,$A8,DATA!$CB:$CB,"Cold Winter")+COUNTIFS(DATA!$CH:$CH,$A8,DATA!$CK:$CK,"Cold Winter") | C8: =COUNTIFS(DATA!$AO:$AO,$A8,DATA!$AR:$AR,"Hot Dry")+COUNTIFS(DATA!$AX:$AX,$A8,DATA!$BA:$BA,"Hot Dry")+COUNTIFS(DATA!$BG:$BG,$A8,DATA!$BJ:$BJ,"Hot Dry")+COUNTIFS(DATA!$BP:$BP,$A8,DATA!$BS:$BS,"Hot Dry")+COUNTIFS(DATA!$BY:$BY,$A8,DATA!$CB:$CB,"Hot Dry")+COUNTIFS(DATA!$CH:$CH,$A8,DATA!$CK:$CK,"Hot Dry") | D8: =COUNTIFS(DATA!$AO:$AO,$A8,DATA!$AR:$AR,"Hot Humid")+COUNTIFS(DATA!$AX:$AX,$A8,DATA!$BA:$BA,"Hot Humid")+COUNTIFS(DATA!$BG:$BG,$A8,DATA!$BJ:$BJ,"Hot Humid")+COUNTIFS(DATA!$BP:$BP,$A8,DATA!$BS:$BS,"Hot Humid")+COUNTIFS(DATA!$BY:$BY,$A8,DATA!$CB:$CB,"Hot Humid")+COUNTIFS(DATA!$CH:$CH,$A8,DATA!$CK:$CK,"Hot Humid") | E8: =COUNTIFS(DATA!$AO:$AO,$A8,DATA!$AR:$AR,"Post-Monsoon")+COUNTIFS(DATA!$AX:$AX,$A8,DATA!$BA:$BA,"Post-Monsoon")+COUNTIFS(DATA!$BG:$BG,$A8,DATA!$BJ:$BJ,"Post-Monsoon")+COUNTIFS(DATA!$BP:$BP,$A8,DATA!$BS:$BS,"Post-Monsoon")+COUNTIFS(DATA!$BY:$BY,$A8,DATA!$CB:$CB,"Post-Monsoon")+COUNTIFS(DATA!$CH:$CH,$A8,DATA!$CK:$CK,"Post-Monsoon") | F8: =SUM(B8:E8) | G8: =IF(F8=0,"—",INDEX({"Cold Winter";"Hot Dry";"Hot Humid";"Post-Monsoon"},MATCH(MAX(B8:E8),B8:E8,0))) | H8: =IFERROR(MAX(B8:E8)/F8,"") | I8: =IFERROR(VLOOKUP($A8,DECODE!$K$3:$L$21,2,FALSE),"") | J8: =IF(OR(I8="Non-Seasonal",I8="Gel"),"—",IF(G8=I8,"Matches","No Match")) | K8: =IF(J8="—",IF(I8="Gel","—","Evergreen"),IF(H8>=0.4,"Highly Seasonal",IF(H8>=0.3,"Moderately Seasonal","Evergreen"))) | L8: =COUNTIFS(DATA!$AO:$AO,$A8) | M8: =COUNTIFS(DATA!$AO:$AO,$A8,DATA!$AH:$AH,1) | N8: =IFERROR(1-M8/L8,"") | O8: =IFERROR(AVERAGEIFS(DATA!$CW:$CW,DATA!$CN:$CN,$A8),"")
A9: Flax Carrot | B9: =COUNTIFS(DATA!$AO:$AO,$A9,DATA!$AR:$AR,"Cold Winter")+COUNTIFS(DATA!$AX:$AX,$A9,DATA!$BA:$BA,"Cold Winter")+COUNTIFS(DATA!$BG:$BG,$A9,DATA!$BJ:$BJ,"Cold Winter")+COUNTIFS(DATA!$BP:$BP,$A9,DATA!$BS:$BS,"Cold Winter")+COUNTIFS(DATA!$BY:$BY,$A9,DATA!$CB:$CB,"Cold Winter")+COUNTIFS(DATA!$CH:$CH,$A9,DATA!$CK:$CK,"Cold Winter") | C9: =COUNTIFS(DATA!$AO:$AO,$A9,DATA!$AR:$AR,"Hot Dry")+COUNTIFS(DATA!$AX:$AX,$A9,DATA!$BA:$BA,"Hot Dry")+COUNTIFS(DATA!$BG:$BG,$A9,DATA!$BJ:$BJ,"Hot Dry")+COUNTIFS(DATA!$BP:$BP,$A9,DATA!$BS:$BS,"Hot Dry")+COUNTIFS(DATA!$BY:$BY,$A9,DATA!$CB:$CB,"Hot Dry")+COUNTIFS(DATA!$CH:$CH,$A9,DATA!$CK:$CK,"Hot Dry") | D9: =COUNTIFS(DATA!$AO:$AO,$A9,DATA!$AR:$AR,"Hot Humid")+COUNTIFS(DATA!$AX:$AX,$A9,DATA!$BA:$BA,"Hot Humid")+COUNTIFS(DATA!$BG:$BG,$A9,DATA!$BJ:$BJ,"Hot Humid")+COUNTIFS(DATA!$BP:$BP,$A9,DATA!$BS:$BS,"Hot Humid")+COUNTIFS(DATA!$BY:$BY,$A9,DATA!$CB:$CB,"Hot Humid")+COUNTIFS(DATA!$CH:$CH,$A9,DATA!$CK:$CK,"Hot Humid") | E9: =COUNTIFS(DATA!$AO:$AO,$A9,DATA!$AR:$AR,"Post-Monsoon")+COUNTIFS(DATA!$AX:$AX,$A9,DATA!$BA:$BA,"Post-Monsoon")+COUNTIFS(DATA!$BG:$BG,$A9,DATA!$BJ:$BJ,"Post-Monsoon")+COUNTIFS(DATA!$BP:$BP,$A9,DATA!$BS:$BS,"Post-Monsoon")+COUNTIFS(DATA!$BY:$BY,$A9,DATA!$CB:$CB,"Post-Monsoon")+COUNTIFS(DATA!$CH:$CH,$A9,DATA!$CK:$CK,"Post-Monsoon") | F9: =SUM(B9:E9) | G9: =IF(F9=0,"—",INDEX({"Cold Winter";"Hot Dry";"Hot Humid";"Post-Monsoon"},MATCH(MAX(B9:E9),B9:E9,0))) | H9: =IFERROR(MAX(B9:E9)/F9,"") | I9: =IFERROR(VLOOKUP($A9,DECODE!$K$3:$L$21,2,FALSE),"") | J9: =IF(OR(I9="Non-Seasonal",I9="Gel"),"—",IF(G9=I9,"Matches","No Match")) | K9: =IF(J9="—",IF(I9="Gel","—","Evergreen"),IF(H9>=0.4,"Highly Seasonal",IF(H9>=0.3,"Moderately Seasonal","Evergreen"))) | L9: =COUNTIFS(DATA!$AO:$AO,$A9) | M9: =COUNTIFS(DATA!$AO:$AO,$A9,DATA!$AH:$AH,1) | N9: =IFERROR(1-M9/L9,"") | O9: =IFERROR(AVERAGEIFS(DATA!$CW:$CW,DATA!$CN:$CN,$A9),"")
A10: Tomato Vetiver | B10: =COUNTIFS(DATA!$AO:$AO,$A10,DATA!$AR:$AR,"Cold Winter")+COUNTIFS(DATA!$AX:$AX,$A10,DATA!$BA:$BA,"Cold Winter")+COUNTIFS(DATA!$BG:$BG,$A10,DATA!$BJ:$BJ,"Cold Winter")+COUNTIFS(DATA!$BP:$BP,$A10,DATA!$BS:$BS,"Cold Winter")+COUNTIFS(DATA!$BY:$BY,$A10,DATA!$CB:$CB,"Cold Winter")+COUNTIFS(DATA!$CH:$CH,$A10,DATA!$CK:$CK,"Cold Winter") | C10: =COUNTIFS(DATA!$AO:$AO,$A10,DATA!$AR:$AR,"Hot Dry")+COUNTIFS(DATA!$AX:$AX,$A10,DATA!$BA:$BA,"Hot Dry")+COUNTIFS(DATA!$BG:$BG,$A10,DATA!$BJ:$BJ,"Hot Dry")+COUNTIFS(DATA!$BP:$BP,$A10,DATA!$BS:$BS,"Hot Dry")+COUNTIFS(DATA!$BY:$BY,$A10,DATA!$CB:$CB,"Hot Dry")+COUNTIFS(DATA!$CH:$CH,$A10,DATA!$CK:$CK,"Hot Dry") | D10: =COUNTIFS(DATA!$AO:$AO,$A10,DATA!$AR:$AR,"Hot Humid")+COUNTIFS(DATA!$AX:$AX,$A10,DATA!$BA:$BA,"Hot Humid")+COUNTIFS(DATA!$BG:$BG,$A10,DATA!$BJ:$BJ,"Hot Humid")+COUNTIFS(DATA!$BP:$BP,$A10,DATA!$BS:$BS,"Hot Humid")+COUNTIFS(DATA!$BY:$BY,$A10,DATA!$CB:$CB,"Hot Humid")+COUNTIFS(DATA!$CH:$CH,$A10,DATA!$CK:$CK,"Hot Humid") | E10: =COUNTIFS(DATA!$AO:$AO,$A10,DATA!$AR:$AR,"Post-Monsoon")+COUNTIFS(DATA!$AX:$AX,$A10,DATA!$BA:$BA,"Post-Monsoon")+COUNTIFS(DATA!$BG:$BG,$A10,DATA!$BJ:$BJ,"Post-Monsoon")+COUNTIFS(DATA!$BP:$BP,$A10,DATA!$BS:$BS,"Post-Monsoon")+COUNTIFS(DATA!$BY:$BY,$A10,DATA!$CB:$CB,"Post-Monsoon")+COUNTIFS(DATA!$CH:$CH,$A10,DATA!$CK:$CK,"Post-Monsoon") | F10: =SUM(B10:E10) | G10: =IF(F10=0,"—",INDEX({"Cold Winter";"Hot Dry";"Hot Humid";"Post-Monsoon"},MATCH(MAX(B10:E10),B10:E10,0))) | H10: =IFERROR(MAX(B10:E10)/F10,"") | I10: =IFERROR(VLOOKUP($A10,DECODE!$K$3:$L$21,2,FALSE),"") | J10: =IF(OR(I10="Non-Seasonal",I10="Gel"),"—",IF(G10=I10,"Matches","No Match")) | K10: =IF(J10="—",IF(I10="Gel","—","Evergreen"),IF(H10>=0.4,"Highly Seasonal",IF(H10>=0.3,"Moderately Seasonal","Evergreen"))) | L10: =COUNTIFS(DATA!$AO:$AO,$A10) | M10: =COUNTIFS(DATA!$AO:$AO,$A10,DATA!$AH:$AH,1) | N10: =IFERROR(1-M10/L10,"") | O10: =IFERROR(AVERAGEIFS(DATA!$CW:$CW,DATA!$CN:$CN,$A10),"")
A11: GreenApple Tulsi | B11: =COUNTIFS(DATA!$AO:$AO,$A11,DATA!$AR:$AR,"Cold Winter")+COUNTIFS(DATA!$AX:$AX,$A11,DATA!$BA:$BA,"Cold Winter")+COUNTIFS(DATA!$BG:$BG,$A11,DATA!$BJ:$BJ,"Cold Winter")+COUNTIFS(DATA!$BP:$BP,$A11,DATA!$BS:$BS,"Cold Winter")+COUNTIFS(DATA!$BY:$BY,$A11,DATA!$CB:$CB,"Cold Winter")+COUNTIFS(DATA!$CH:$CH,$A11,DATA!$CK:$CK,"Cold Winter") | C11: =COUNTIFS(DATA!$AO:$AO,$A11,DATA!$AR:$AR,"Hot Dry")+COUNTIFS(DATA!$AX:$AX,$A11,DATA!$BA:$BA,"Hot Dry")+COUNTIFS(DATA!$BG:$BG,$A11,DATA!$BJ:$BJ,"Hot Dry")+COUNTIFS(DATA!$BP:$BP,$A11,DATA!$BS:$BS,"Hot Dry")+COUNTIFS(DATA!$BY:$BY,$A11,DATA!$CB:$CB,"Hot Dry")+COUNTIFS(DATA!$CH:$CH,$A11,DATA!$CK:$CK,"Hot Dry") | D11: =COUNTIFS(DATA!$AO:$AO,$A11,DATA!$AR:$AR,"Hot Humid")+COUNTIFS(DATA!$AX:$AX,$A11,DATA!$BA:$BA,"Hot Humid")+COUNTIFS(DATA!$BG:$BG,$A11,DATA!$BJ:$BJ,"Hot Humid")+COUNTIFS(DATA!$BP:$BP,$A11,DATA!$BS:$BS,"Hot Humid")+COUNTIFS(DATA!$BY:$BY,$A11,DATA!$CB:$CB,"Hot Humid")+COUNTIFS(DATA!$CH:$CH,$A11,DATA!$CK:$CK,"Hot Humid") | E11: =COUNTIFS(DATA!$AO:$AO,$A11,DATA!$AR:$AR,"Post-Monsoon")+COUNTIFS(DATA!$AX:$AX,$A11,DATA!$BA:$BA,"Post-Monsoon")+COUNTIFS(DATA!$BG:$BG,$A11,DATA!$BJ:$BJ,"Post-Monsoon")+COUNTIFS(DATA!$BP:$BP,$A11,DATA!$BS:$BS,"Post-Monsoon")+COUNTIFS(DATA!$BY:$BY,$A11,DATA!$CB:$CB,"Post-Monsoon")+COUNTIFS(DATA!$CH:$CH,$A11,DATA!$CK:$CK,"Post-Monsoon") | F11: =SUM(B11:E11) | G11: =IF(F11=0,"—",INDEX({"Cold Winter";"Hot Dry";"Hot Humid";"Post-Monsoon"},MATCH(MAX(B11:E11),B11:E11,0))) | H11: =IFERROR(MAX(B11:E11)/F11,"") | I11: =IFERROR(VLOOKUP($A11,DECODE!$K$3:$L$21,2,FALSE),"") | J11: =IF(OR(I11="Non-Seasonal",I11="Gel"),"—",IF(G11=I11,"Matches","No Match")) | K11: =IF(J11="—",IF(I11="Gel","—","Evergreen"),IF(H11>=0.4,"Highly Seasonal",IF(H11>=0.3,"Moderately Seasonal","Evergreen"))) | L11: =COUNTIFS(DATA!$AO:$AO,$A11) | M11: =COUNTIFS(DATA!$AO:$AO,$A11,DATA!$AH:$AH,1) | N11: =IFERROR(1-M11/L11,"") | O11: =IFERROR(AVERAGEIFS(DATA!$CW:$CW,DATA!$CN:$CN,$A11),"")
A12: Turmeric Nutmeg | B12: =COUNTIFS(DATA!$AO:$AO,$A12,DATA!$AR:$AR,"Cold Winter")+COUNTIFS(DATA!$AX:$AX,$A12,DATA!$BA:$BA,"Cold Winter")+COUNTIFS(DATA!$BG:$BG,$A12,DATA!$BJ:$BJ,"Cold Winter")+COUNTIFS(DATA!$BP:$BP,$A12,DATA!$BS:$BS,"Cold Winter")+COUNTIFS(DATA!$BY:$BY,$A12,DATA!$CB:$CB,"Cold Winter")+COUNTIFS(DATA!$CH:$CH,$A12,DATA!$CK:$CK,"Cold Winter") | C12: =COUNTIFS(DATA!$AO:$AO,$A12,DATA!$AR:$AR,"Hot Dry")+COUNTIFS(DATA!$AX:$AX,$A12,DATA!$BA:$BA,"Hot Dry")+COUNTIFS(DATA!$BG:$BG,$A12,DATA!$BJ:$BJ,"Hot Dry")+COUNTIFS(DATA!$BP:$BP,$A12,DATA!$BS:$BS,"Hot Dry")+COUNTIFS(DATA!$BY:$BY,$A12,DATA!$CB:$CB,"Hot Dry")+COUNTIFS(DATA!$CH:$CH,$A12,DATA!$CK:$CK,"Hot Dry") | D12: =COUNTIFS(DATA!$AO:$AO,$A12,DATA!$AR:$AR,"Hot Humid")+COUNTIFS(DATA!$AX:$AX,$A12,DATA!$BA:$BA,"Hot Humid")+COUNTIFS(DATA!$BG:$BG,$A12,DATA!$BJ:$BJ,"Hot Humid")+COUNTIFS(DATA!$BP:$BP,$A12,DATA!$BS:$BS,"Hot Humid")+COUNTIFS(DATA!$BY:$BY,$A12,DATA!$CB:$CB,"Hot Humid")+COUNTIFS(DATA!$CH:$CH,$A12,DATA!$CK:$CK,"Hot Humid") | E12: =COUNTIFS(DATA!$AO:$AO,$A12,DATA!$AR:$AR,"Post-Monsoon")+COUNTIFS(DATA!$AX:$AX,$A12,DATA!$BA:$BA,"Post-Monsoon")+COUNTIFS(DATA!$BG:$BG,$A12,DATA!$BJ:$BJ,"Post-Monsoon")+COUNTIFS(DATA!$BP:$BP,$A12,DATA!$BS:$BS,"Post-Monsoon")+COUNTIFS(DATA!$BY:$BY,$A12,DATA!$CB:$CB,"Post-Monsoon")+COUNTIFS(DATA!$CH:$CH,$A12,DATA!$CK:$CK,"Post-Monsoon") | F12: =SUM(B12:E12) | G12: =IF(F12=0,"—",INDEX({"Cold Winter";"Hot Dry";"Hot Humid";"Post-Monsoon"},MATCH(MAX(B12:E12),B12:E12,0))) | H12: =IFERROR(MAX(B12:E12)/F12,"") | I12: =IFERROR(VLOOKUP($A12,DECODE!$K$3:$L$21,2,FALSE),"") | J12: =IF(OR(I12="Non-Seasonal",I12="Gel"),"—",IF(G12=I12,"Matches","No Match")) | K12: =IF(J12="—",IF(I12="Gel","—","Evergreen"),IF(H12>=0.4,"Highly Seasonal",IF(H12>=0.3,"Moderately Seasonal","Evergreen"))) | L12: =COUNTIFS(DATA!$AO:$AO,$A12) | M12: =COUNTIFS(DATA!$AO:$AO,$A12,DATA!$AH:$AH,1) | N12: =IFERROR(1-M12/L12,"") | O12: =IFERROR(AVERAGEIFS(DATA!$CW:$CW,DATA!$CN:$CN,$A12),"")
A13: Cocoa Mogra | B13: =COUNTIFS(DATA!$AO:$AO,$A13,DATA!$AR:$AR,"Cold Winter")+COUNTIFS(DATA!$AX:$AX,$A13,DATA!$BA:$BA,"Cold Winter")+COUNTIFS(DATA!$BG:$BG,$A13,DATA!$BJ:$BJ,"Cold Winter")+COUNTIFS(DATA!$BP:$BP,$A13,DATA!$BS:$BS,"Cold Winter")+COUNTIFS(DATA!$BY:$BY,$A13,DATA!$CB:$CB,"Cold Winter")+COUNTIFS(DATA!$CH:$CH,$A13,DATA!$CK:$CK,"Cold Winter") | C13: =COUNTIFS(DATA!$AO:$AO,$A13,DATA!$AR:$AR,"Hot Dry")+COUNTIFS(DATA!$AX:$AX,$A13,DATA!$BA:$BA,"Hot Dry")+COUNTIFS(DATA!$BG:$BG,$A13,DATA!$BJ:$BJ,"Hot Dry")+COUNTIFS(DATA!$BP:$BP,$A13,DATA!$BS:$BS,"Hot Dry")+COUNTIFS(DATA!$BY:$BY,$A13,DATA!$CB:$CB,"Hot Dry")+COUNTIFS(DATA!$CH:$CH,$A13,DATA!$CK:$CK,"Hot Dry") | D13: =COUNTIFS(DATA!$AO:$AO,$A13,DATA!$AR:$AR,"Hot Humid")+COUNTIFS(DATA!$AX:$AX,$A13,DATA!$BA:$BA,"Hot Humid")+COUNTIFS(DATA!$BG:$BG,$A13,DATA!$BJ:$BJ,"Hot Humid")+COUNTIFS(DATA!$BP:$BP,$A13,DATA!$BS:$BS,"Hot Humid")+COUNTIFS(DATA!$BY:$BY,$A13,DATA!$CB:$CB,"Hot Humid")+COUNTIFS(DATA!$CH:$CH,$A13,DATA!$CK:$CK,"Hot Humid") | E13: =COUNTIFS(DATA!$AO:$AO,$A13,DATA!$AR:$AR,"Post-Monsoon")+COUNTIFS(DATA!$AX:$AX,$A13,DATA!$BA:$BA,"Post-Monsoon")+COUNTIFS(DATA!$BG:$BG,$A13,DATA!$BJ:$BJ,"Post-Monsoon")+COUNTIFS(DATA!$BP:$BP,$A13,DATA!$BS:$BS,"Post-Monsoon")+COUNTIFS(DATA!$BY:$BY,$A13,DATA!$CB:$CB,"Post-Monsoon")+COUNTIFS(DATA!$CH:$CH,$A13,DATA!$CK:$CK,"Post-Monsoon") | F13: =SUM(B13:E13) | G13: =IF(F13=0,"—",INDEX({"Cold Winter";"Hot Dry";"Hot Humid";"Post-Monsoon"},MATCH(MAX(B13:E13),B13:E13,0))) | H13: =IFERROR(MAX(B13:E13)/F13,"") | I13: =IFERROR(VLOOKUP($A13,DECODE!$K$3:$L$21,2,FALSE),"") | J13: =IF(OR(I13="Non-Seasonal",I13="Gel"),"—",IF(G13=I13,"Matches","No Match")) | K13: =IF(J13="—",IF(I13="Gel","—","Evergreen"),IF(H13>=0.4,"Highly Seasonal",IF(H13>=0.3,"Moderately Seasonal","Evergreen"))) | L13: =COUNTIFS(DATA!$AO:$AO,$A13) | M13: =COUNTIFS(DATA!$AO:$AO,$A13,DATA!$AH:$AH,1) | N13: =IFERROR(1-M13/L13,"") | O13: =IFERROR(AVERAGEIFS(DATA!$CW:$CW,DATA!$CN:$CN,$A13),"")
A14: Honey Multi-Nut | B14: =COUNTIFS(DATA!$AO:$AO,$A14,DATA!$AR:$AR,"Cold Winter")+COUNTIFS(DATA!$AX:$AX,$A14,DATA!$BA:$BA,"Cold Winter")+COUNTIFS(DATA!$BG:$BG,$A14,DATA!$BJ:$BJ,"Cold Winter")+COUNTIFS(DATA!$BP:$BP,$A14,DATA!$BS:$BS,"Cold Winter")+COUNTIFS(DATA!$BY:$BY,$A14,DATA!$CB:$CB,"Cold Winter")+COUNTIFS(DATA!$CH:$CH,$A14,DATA!$CK:$CK,"Cold Winter") | C14: =COUNTIFS(DATA!$AO:$AO,$A14,DATA!$AR:$AR,"Hot Dry")+COUNTIFS(DATA!$AX:$AX,$A14,DATA!$BA:$BA,"Hot Dry")+COUNTIFS(DATA!$BG:$BG,$A14,DATA!$BJ:$BJ,"Hot Dry")+COUNTIFS(DATA!$BP:$BP,$A14,DATA!$BS:$BS,"Hot Dry")+COUNTIFS(DATA!$BY:$BY,$A14,DATA!$CB:$CB,"Hot Dry")+COUNTIFS(DATA!$CH:$CH,$A14,DATA!$CK:$CK,"Hot Dry") | D14: =COUNTIFS(DATA!$AO:$AO,$A14,DATA!$AR:$AR,"Hot Humid")+COUNTIFS(DATA!$AX:$AX,$A14,DATA!$BA:$BA,"Hot Humid")+COUNTIFS(DATA!$BG:$BG,$A14,DATA!$BJ:$BJ,"Hot Humid")+COUNTIFS(DATA!$BP:$BP,$A14,DATA!$BS:$BS,"Hot Humid")+COUNTIFS(DATA!$BY:$BY,$A14,DATA!$CB:$CB,"Hot Humid")+COUNTIFS(DATA!$CH:$CH,$A14,DATA!$CK:$CK,"Hot Humid") | E14: =COUNTIFS(DATA!$AO:$AO,$A14,DATA!$AR:$AR,"Post-Monsoon")+COUNTIFS(DATA!$AX:$AX,$A14,DATA!$BA:$BA,"Post-Monsoon")+COUNTIFS(DATA!$BG:$BG,$A14,DATA!$BJ:$BJ,"Post-Monsoon")+COUNTIFS(DATA!$BP:$BP,$A14,DATA!$BS:$BS,"Post-Monsoon")+COUNTIFS(DATA!$BY:$BY,$A14,DATA!$CB:$CB,"Post-Monsoon")+COUNTIFS(DATA!$CH:$CH,$A14,DATA!$CK:$CK,"Post-Monsoon") | F14: =SUM(B14:E14) | G14: =IF(F14=0,"—",INDEX({"Cold Winter";"Hot Dry";"Hot Humid";"Post-Monsoon"},MATCH(MAX(B14:E14),B14:E14,0))) | H14: =IFERROR(MAX(B14:E14)/F14,"") | I14: =IFERROR(VLOOKUP($A14,DECODE!$K$3:$L$21,2,FALSE),"") | J14: =IF(OR(I14="Non-Seasonal",I14="Gel"),"—",IF(G14=I14,"Matches","No Match")) | K14: =IF(J14="—",IF(I14="Gel","—","Evergreen"),IF(H14>=0.4,"Highly Seasonal",IF(H14>=0.3,"Moderately Seasonal","Evergreen"))) | L14: =COUNTIFS(DATA!$AO:$AO,$A14) | M14: =COUNTIFS(DATA!$AO:$AO,$A14,DATA!$AH:$AH,1) | N14: =IFERROR(1-M14/L14,"") | O14: =IFERROR(AVERAGEIFS(DATA!$CW:$CW,DATA!$CN:$CN,$A14),"")
... A21: Aloe Vera | B21: =COUNTIFS(DATA!$AO:$AO,$A21,DATA!$AR:$AR,"Cold Winter")+COUNTIFS(DATA!$AX:$AX,$A21,DATA!$BA:$BA,"Cold Winter")+COUNTIFS(DATA!$BG:$BG,$A21,DATA!$BJ:$BJ,"Cold Winter")+COUNTIFS(DATA!$BP:$BP,$A21,DATA!$BS:$BS,"Cold Winter")+COUNTIFS(DATA!$BY:$BY,$A21,DATA!$CB:$CB,"Cold Winter")+COUNTIFS(DATA!$CH:$CH,$A21,DATA!$CK:$CK,"Cold Winter") | C21: =COUNTIFS(DATA!$AO:$AO,$A21,DATA!$AR:$AR,"Hot Dry")+COUNTIFS(DATA!$AX:$AX,$A21,DATA!$BA:$BA,"Hot Dry")+COUNTIFS(DATA!$BG:$BG,$A21,DATA!$BJ:$BJ,"Hot Dry")+COUNTIFS(DATA!$BP:$BP,$A21,DATA!$BS:$BS,"Hot Dry")+COUNTIFS(DATA!$BY:$BY,$A21,DATA!$CB:$CB,"Hot Dry")+COUNTIFS(DATA!$CH:$CH,$A21,DATA!$CK:$CK,"Hot Dry") | D21: =COUNTIFS(DATA!$AO:$AO,$A21,DATA!$AR:$AR,"Hot Humid")+COUNTIFS(DATA!$AX:$AX,$A21,DATA!$BA:$BA,"Hot Humid")+COUNTIFS(DATA!$BG:$BG,$A21,DATA!$BJ:$BJ,"Hot Humid")+COUNTIFS(DATA!$BP:$BP,$A21,DATA!$BS:$BS,"Hot Humid")+COUNTIFS(DATA!$BY:$BY,$A21,DATA!$CB:$CB,"Hot Humid")+COUNTIFS(DATA!$CH:$CH,$A21,DATA!$CK:$CK,"Hot Humid") | E21: =COUNTIFS(DATA!$AO:$AO,$A21,DATA!$AR:$AR,"Post-Monsoon")+COUNTIFS(DATA!$AX:$AX,$A21,DATA!$BA:$BA,"Post-Monsoon")+COUNTIFS(DATA!$BG:$BG,$A21,DATA!$BJ:$BJ,"Post-Monsoon")+COUNTIFS(DATA!$BP:$BP,$A21,DATA!$BS:$BS,"Post-Monsoon")+COUNTIFS(DATA!$BY:$BY,$A21,DATA!$CB:$CB,"Post-Monsoon")+COUNTIFS(DATA!$CH:$CH,$A21,DATA!$CK:$CK,"Post-Monsoon") | F21: =SUM(B21:E21) | G21: =IF(F21=0,"—",INDEX({"Cold Winter";"Hot Dry";"Hot Humid";"Post-Monsoon"},MATCH(MAX(B21:E21),B21:E21,0))) | H21: =IFERROR(MAX(B21:E21)/F21,"") | I21: =IFERROR(VLOOKUP($A21,DECODE!$K$3:$L$21,2,FALSE),"") | J21: =IF(OR(I21="Non-Seasonal",I21="Gel"),"—",IF(G21=I21,"Matches","No Match")) | K21: =IF(J21="—",IF(I21="Gel","—","Evergreen"),IF(H21>=0.4,"Highly Seasonal",IF(H21>=0.3,"Moderately Seasonal","Evergreen"))) | L21: =COUNTIFS(DATA!$AO:$AO,$A21) | M21: =COUNTIFS(DATA!$AO:$AO,$A21,DATA!$AH:$AH,1) | N21: =IFERROR(1-M21/L21,"") | O21: =IFERROR(AVERAGEIFS(DATA!$CW:$CW,DATA!$CN:$CN,$A21),"")
B22: =SUM(B3:B21) | C22: =SUM(C3:C21) | D22: =SUM(D3:D21) | E22: =SUM(E3:E21) | F22: =SUM(F3:F21)

Sheet GRAMMAGE
A1: GRAMMAGE TRANSITIONS — entry SKU → 2nd order (whole workbook)
A3: Category | B3: Entry Size | C3: Total Next Purchases | D3: Repeat Exact Same | E3: Repeat % | F3: Upsized | G3: Upsize % | H3: Lateral | I3: Downsize | J3: Downsize % | K3: Same Size Diff Variant | L3: FM30→FM50 | M3: FM30→AG50 | N3: FM50→FM30 | O3: AG50→FM30
A4: Face Malai | B4: 30 | C4: =COUNTIFS(DATA!$CM:$CM,"Face Malai",DATA!$CO:$CO,30,DATA!$CQ:$CQ,1) | D4: =COUNTIFS(DATA!$CM:$CM,"Face Malai",DATA!$CO:$CO,30,DATA!$CQ:$CQ,1,DATA!$CV:$CV,"Repeat Exact") | E4: =IFERROR(D4/C4,"") | F4: =COUNTIFS(DATA!$CM:$CM,"Face Malai",DATA!$CO:$CO,30,DATA!$CQ:$CQ,1,DATA!$CV:$CV,"Upsized") | G4: =IFERROR(F4/C4,"") | H4: =COUNTIFS(DATA!$CM:$CM,"Face Malai",DATA!$CO:$CO,30,DATA!$CQ:$CQ,1,DATA!$CV:$CV,"Lateral") | I4: =COUNTIFS(DATA!$CM:$CM,"Face Malai",DATA!$CO:$CO,30,DATA!$CQ:$CQ,1,DATA!$CV:$CV,"Downsized") | J4: =IFERROR(I4/C4,"") | K4: =COUNTIFS(DATA!$CM:$CM,"Face Malai",DATA!$CO:$CO,30,DATA!$CQ:$CQ,1,DATA!$CV:$CV,"Same Size Diff Variant") | L4: =COUNTIFS(DATA!$CM:$CM,"Face Malai",DATA!$CO:$CO,30,DATA!$CR:$CR,"Face Malai",DATA!$CT:$CT,50) | M4: =COUNTIFS(DATA!$CM:$CM,"Face Malai",DATA!$CO:$CO,30,DATA!$CR:$CR,"Active Gel",DATA!$CT:$CT,50)
A5: Face Malai | B5: 50 | C5: =COUNTIFS(DATA!$CM:$CM,"Face Malai",DATA!$CO:$CO,50,DATA!$CQ:$CQ,1) | D5: =COUNTIFS(DATA!$CM:$CM,"Face Malai",DATA!$CO:$CO,50,DATA!$CQ:$CQ,1,DATA!$CV:$CV,"Repeat Exact") | E5: =IFERROR(D5/C5,"") | F5: =COUNTIFS(DATA!$CM:$CM,"Face Malai",DATA!$CO:$CO,50,DATA!$CQ:$CQ,1,DATA!$CV:$CV,"Upsized") | G5: =IFERROR(F5/C5,"") | H5: =COUNTIFS(DATA!$CM:$CM,"Face Malai",DATA!$CO:$CO,50,DATA!$CQ:$CQ,1,DATA!$CV:$CV,"Lateral") | I5: =COUNTIFS(DATA!$CM:$CM,"Face Malai",DATA!$CO:$CO,50,DATA!$CQ:$CQ,1,DATA!$CV:$CV,"Downsized") | J5: =IFERROR(I5/C5,"") | K5: =COUNTIFS(DATA!$CM:$CM,"Face Malai",DATA!$CO:$CO,50,DATA!$CQ:$CQ,1,DATA!$CV:$CV,"Same Size Diff Variant") | N5: =COUNTIFS(DATA!$CM:$CM,"Face Malai",DATA!$CO:$CO,50,DATA!$CR:$CR,"Face Malai",DATA!$CT:$CT,30)
A6: Active Gel | B6: 50 | C6: =COUNTIFS(DATA!$CM:$CM,"Active Gel",DATA!$CO:$CO,50,DATA!$CQ:$CQ,1) | D6: =COUNTIFS(DATA!$CM:$CM,"Active Gel",DATA!$CO:$CO,50,DATA!$CQ:$CQ,1,DATA!$CV:$CV,"Repeat Exact") | E6: =IFERROR(D6/C6,"") | F6: =COUNTIFS(DATA!$CM:$CM,"Active Gel",DATA!$CO:$CO,50,DATA!$CQ:$CQ,1,DATA!$CV:$CV,"Upsized") | G6: =IFERROR(F6/C6,"") | H6: =COUNTIFS(DATA!$CM:$CM,"Active Gel",DATA!$CO:$CO,50,DATA!$CQ:$CQ,1,DATA!$CV:$CV,"Lateral") | I6: =COUNTIFS(DATA!$CM:$CM,"Active Gel",DATA!$CO:$CO,50,DATA!$CQ:$CQ,1,DATA!$CV:$CV,"Downsized") | J6: =IFERROR(I6/C6,"") | K6: =COUNTIFS(DATA!$CM:$CM,"Active Gel",DATA!$CO:$CO,50,DATA!$CQ:$CQ,1,DATA!$CV:$CV,"Same Size Diff Variant") | O6: =COUNTIFS(DATA!$CM:$CM,"Active Gel",DATA!$CO:$CO,50,DATA!$CR:$CR,"Face Malai",DATA!$CT:$CT,30)
A7: Aloe Vera Gel | B7: 40 | C7: =COUNTIFS(DATA!$CM:$CM,"Aloe Vera Gel",DATA!$CO:$CO,40,DATA!$CQ:$CQ,1) | D7: =COUNTIFS(DATA!$CM:$CM,"Aloe Vera Gel",DATA!$CO:$CO,40,DATA!$CQ:$CQ,1,DATA!$CV:$CV,"Repeat Exact") | E7: =IFERROR(D7/C7,"") | F7: =COUNTIFS(DATA!$CM:$CM,"Aloe Vera Gel",DATA!$CO:$CO,40,DATA!$CQ:$CQ,1,DATA!$CV:$CV,"Upsized") | G7: =IFERROR(F7/C7,"") | H7: =COUNTIFS(DATA!$CM:$CM,"Aloe Vera Gel",DATA!$CO:$CO,40,DATA!$CQ:$CQ,1,DATA!$CV:$CV,"Lateral") | I7: =COUNTIFS(DATA!$CM:$CM,"Aloe Vera Gel",DATA!$CO:$CO,40,DATA!$CQ:$CQ,1,DATA!$CV:$CV,"Downsized") | J7: =IFERROR(I7/C7,"") | K7: =COUNTIFS(DATA!$CM:$CM,"Aloe Vera Gel",DATA!$CO:$CO,40,DATA!$CQ:$CQ,1,DATA!$CV:$CV,"Same Size Diff Variant")
A8: Aloe Vera Gel | B8: 80 | C8: =COUNTIFS(DATA!$CM:$CM,"Aloe Vera Gel",DATA!$CO:$CO,80,DATA!$CQ:$CQ,1) | D8: =COUNTIFS(DATA!$CM:$CM,"Aloe Vera Gel",DATA!$CO:$CO,80,DATA!$CQ:$CQ,1,DATA!$CV:$CV,"Repeat Exact") | E8: =IFERROR(D8/C8,"") | F8: =COUNTIFS(DATA!$CM:$CM,"Aloe Vera Gel",DATA!$CO:$CO,80,DATA!$CQ:$CQ,1,DATA!$CV:$CV,"Upsized") | G8: =IFERROR(F8/C8,"") | H8: =COUNTIFS(DATA!$CM:$CM,"Aloe Vera Gel",DATA!$CO:$CO,80,DATA!$CQ:$CQ,1,DATA!$CV:$CV,"Lateral") | I8: =COUNTIFS(DATA!$CM:$CM,"Aloe Vera Gel",DATA!$CO:$CO,80,DATA!$CQ:$CQ,1,DATA!$CV:$CV,"Downsized") | J8: =IFERROR(I8/C8,"") | K8: =COUNTIFS(DATA!$CM:$CM,"Aloe Vera Gel",DATA!$CO:$CO,80,DATA!$CQ:$CQ,1,DATA!$CV:$CV,"Same Size Diff Variant")
A9: TOTAL | C9: =SUM(C4:C8) | D9: =SUM(D4:D8) | E9: =IFERROR(D9/C9,"") | F9: =SUM(F4:F8) | G9: =IFERROR(F9/C9,"") | H9: =SUM(H4:H8) | I9: =SUM(I4:I8) | J9: =IFERROR(I9/C9,"") | K9: =SUM(K4:K8)

Sheet DATA
A1: Name | B1: category_first | C1: category_2nd | D1: category_3rd | E1: category_4th | F1: category_5th | G1: category_6th | H1: first_purchased_short_code | I1: second_purchased_short_code | J1: third_purchased_short_code | K1: fourth_purchased_short_code | L1: fifth_purchased_short_code | M1: sixth_purchased_short_code | N1: first_purchased_sku | O1: second_purchased_sku | P1: third_purchased_sku | Q1: fourth_purchased_sku | R1: fifth_purchased_sku | S1: sixth_purchased_sku | T1: first_order_date | U1: second_order_date | V1: third_order_date | W1: fourth_order_date | X1: fifth_order_date | Y1: sixth_order_date | Z1: days_between_1st_and_2nd | AA1: days_between_2nd_and_3rd | AB1: days_between_3rd_and_4th | AC1: days_between_4th_and_5th | AD1: days_between_5th_and_6th | AE1: city | AF1: Month-Year | AG1: Month Number | AH1: Journey Depth | AI1: Is Repeat Buyer? | AJ1: Region | AK1: first code | AL1: first line | AM1: first vcode | AN1: first category | AO1: first variant | AP1: first size | AQ1: first date | AR1: first season | AS1: first intent | AT1: second code | AU1: second line | AV1: second vcode | AW1: second category | AX1: second variant | AY1: second size | AZ1: second date | BA1: second season | BB1: second intent | BC1: third code | BD1: third line | BE1: third vcode | BF1: third category | BG1: third variant | BH1: third size | BI1: third date | BJ1: third season | BK1: third intent | BL1: fourth code | BM1: fourth line | BN1: fourth vcode | BO1: fourth category | BP1: fourth variant | BQ1: fourth size | BR1: fourth date | BS1: fourth season | BT1: fourth intent | BU1: fifth code | BV1: fifth line | BW1: fifth vcode | BX1: fifth category | BY1: fifth variant | BZ1: fifth size | CA1: fifth date | CB1: fifth season | CC1: fifth intent | CD1: sixth code | CE1: sixth line | CF1: sixth vcode | CG1: sixth category | CH1: sixth variant | CI1: sixth size | CJ1: sixth date | CK1: sixth season | CL1: sixth intent | CM1: entry category | CN1: entry variant | CO1: entry size | CP1: entry sku | CQ1: has next? | CR1: next category | CS1: next variant | CT1: next size | CU1: next sku | CV1: move type | CW1: gap days | CX1: V2V hit | CY1: V2C hit | CZ1: in cohort?
A2: 27692 | B2: Face Malai | H2: Turmeric Nutmeg (Pigmentation) Face Malai - 50g | N2: FC-DM-PG-050 | T2: Jan 15, 2026 | AE2: Gurgaon | AF2: 2026-01 | AG2: 1 | AH2: 1 | AI2: 0 | AJ2: =IF($AE2="","",IFERROR(VLOOKUP(TRIM($AE2),DECODE!$H$3:$I$60,2,FALSE),"Rest of India")) | AK2: =IF($N2="","",UPPER(TRIM(LEFT($N2&",",FIND(",",$N2&",")-1)))) | AL2: =IF($AK2="","",MID($AK2,4,FIND("~",SUBSTITUTE($AK2,"-","~",2))-4)) | AM2: =IF($AK2="","",MID($AK2,FIND("~",SUBSTITUTE($AK2,"-","~",2))+1,FIND("~",SUBSTITUTE($AK2,"-","~",3))-FIND("~",SUBSTITUTE($AK2,"-","~",2))-1)) | AN2: =IF($AL2="","",IFERROR(VLOOKUP($AL2,DECODE!$A$3:$C$8,3,FALSE),"?")) | AO2: =IF($AM2="","",IFERROR(VLOOKUP($AL2&"-"&$AM2,DECODE!$E$3:$F$21,2,FALSE),"?")) | AP2: =IF($AK2="","",IFERROR(VALUE(RIGHT($AK2,3)),"")) | AQ2: =IF($T2="","",IFERROR(IF(ISNUMBER($T2),$T2,DATEVALUE(TRIM($T2))),"")) | AR2: =IF($AQ2="","",IF(MONTH($AQ2)>=12,"Cold Winter",IF(MONTH($AQ2)>=10,"Post-Monsoon",IF(MONTH($AQ2)>=6,"Hot Humid",IF(MONTH($AQ2)>=3,"Hot Dry","Cold Winter"))))) | AS2: =IF($AL2="","",IFERROR(VLOOKUP($AL2,DECODE!$A$3:$C$8,2,FALSE),"?")) | AT2: =IF($O2="","",UPPER(TRIM(LEFT($O2&",",FIND(",",$O2&",")-1)))) | AU2: =IF($AT2="","",MID($AT2,4,FIND("~",SUBSTITUTE($AT2,"-","~",2))-4)) | AV2: =IF($AT2="","",MID($AT2,FIND("~",SUBSTITUTE($AT2,"-","~",2))+1,FIND("~",SUBSTITUTE($AT2,"-","~",3))-FIND("~",SUBSTITUTE($AT2,"-","~",2))-1)) | AW2: =IF($AU2="","",IFERROR(VLOOKUP($AU2,DECODE!$A$3:$C$8,3,FALSE),"?")) | AX2: =IF($AV2="","",IFERROR(VLOOKUP($AU2&"-"&$AV2,DECODE!$E$3:$F$21,2,FALSE),"?")) | AY2: =IF($AT2="","",IFERROR(VALUE(RIGHT($AT2,3)),"")) | AZ2: =IF($U2="","",IFERROR(IF(ISNUMBER($U2),$U2,DATEVALUE(TRIM($U2))),"")) | BA2: =IF($AZ2="","",IF(MONTH($AZ2)>=12,"Cold Winter",IF(MONTH($AZ2)>=10,"Post-Monsoon",IF(MONTH($AZ2)>=6,"Hot Humid",IF(MONTH($AZ2)>=3,"Hot Dry","Cold Winter"))))) | BB2: =IF($AU2="","",IFERROR(VLOOKUP($AU2,DECODE!$A$3:$C$8,2,FALSE),"?")) | BC2: =IF($P2="","",UPPER(TRIM(LEFT($P2&",",FIND(",",$P2&",")-1)))) | BD2: =IF($BC2="","",MID($BC2,4,FIND("~",SUBSTITUTE($BC2,"-","~",2))-4)) | BE2: =IF($BC2="","",MID($BC2,FIND("~",SUBSTITUTE($BC2,"-","~",2))+1,FIND("~",SUBSTITUTE($BC2,"-","~",3))-FIND("~",SUBSTITUTE($BC2,"-","~",2))-1)) | BF2: =IF($BD2="","",IFERROR(VLOOKUP($BD2,DECODE!$A$3:$C$8,3,FALSE),"?")) | BG2: =IF($BE2="","",IFERROR(VLOOKUP($BD2&"-"&$BE2,DECODE!$E$3:$F$21,2,FALSE),"?")) | BH2: =IF($BC2="","",IFERROR(VALUE(RIGHT($BC2,3)),"")) | BI2: =IF($V2="","",IFERROR(IF(ISNUMBER($V2),$V2,DATEVALUE(TRIM($V2))),"")) | BJ2: =IF($BI2="","",IF(MONTH($BI2)>=12,"Cold Winter",IF(MONTH($BI2)>=10,"Post-Monsoon",IF(MONTH($BI2)>=6,"Hot Humid",IF(MONTH($BI2)>=3,"Hot Dry","Cold Winter"))))) | BK2: =IF($BD2="","",IFERROR(VLOOKUP($BD2,DECODE!$A$3:$C$8,2,FALSE),"?")) | BL2: =IF($Q2="","",UPPER(TRIM(LEFT($Q2&",",FIND(",",$Q2&",")-1)))) | BM2: =IF($BL2="","",MID($BL2,4,FIND("~",SUBSTITUTE($BL2,"-","~",2))-4)) | BN2: =IF($BL2="","",MID($BL2,FIND("~",SUBSTITUTE($BL2,"-","~",2))+1,FIND("~",SUBSTITUTE($BL2,"-","~",3))-FIND("~",SUBSTITUTE($BL2,"-","~",2))-1)) | BO2: =IF($BM2="","",IFERROR(VLOOKUP($BM2,DECODE!$A$3:$C$8,3,FALSE),"?")) | BP2: =IF($BN2="","",IFERROR(VLOOKUP($BM2&"-"&$BN2,DECODE!$E$3:$F$21,2,FALSE),"?")) | BQ2: =IF($BL2="","",IFERROR(VALUE(RIGHT($BL2,3)),"")) | BR2: =IF($W2="","",IFERROR(IF(ISNUMBER($W2),$W2,DATEVALUE(TRIM($W2))),"")) | BS2: =IF($BR2="","",IF(MONTH($BR2)>=12,"Cold Winter",IF(MONTH($BR2)>=10,"Post-Monsoon",IF(MONTH($BR2)>=6,"Hot Humid",IF(MONTH($BR2)>=3,"Hot Dry","Cold Winter"))))) | BT2: =IF($BM2="","",IFERROR(VLOOKUP($BM2,DECODE!$A$3:$C$8,2,FALSE),"?")) | BU2: =IF($R2="","",UPPER(TRIM(LEFT($R2&",",FIND(",",$R2&",")-1)))) | BV2: =IF($BU2="","",MID($BU2,4,FIND("~",SUBSTITUTE($BU2,"-","~",2))-4)) | BW2: =IF($BU2="","",MID($BU2,FIND("~",SUBSTITUTE($BU2,"-","~",2))+1,FIND("~",SUBSTITUTE($BU2,"-","~",3))-FIND("~",SUBSTITUTE($BU2,"-","~",2))-1)) | BX2: =IF($BV2="","",IFERROR(VLOOKUP($BV2,DECODE!$A$3:$C$8,3,FALSE),"?")) | BY2: =IF($BW2="","",IFERROR(VLOOKUP($BV2&"-"&$BW2,DECODE!$E$3:$F$21,2,FALSE),"?")) | BZ2: =IF($BU2="","",IFERROR(VALUE(RIGHT($BU2,3)),"")) | CA2: =IF($X2="","",IFERROR(IF(ISNUMBER($X2),$X2,DATEVALUE(TRIM($X2))),"")) | CB2: =IF($CA2="","",IF(MONTH($CA2)>=12,"Cold Winter",IF(MONTH($CA2)>=10,"Post-Monsoon",IF(MONTH($CA2)>=6,"Hot Humid",IF(MONTH($CA2)>=3,"Hot Dry","Cold Winter"))))) | CC2: =IF($BV2="","",IFERROR(VLOOKUP($BV2,DECODE!$A$3:$C$8,2,FALSE),"?")) | CD2: =IF($S2="","",UPPER(TRIM(LEFT($S2&",",FIND(",",$S2&",")-1)))) | CE2: =IF($CD2="","",MID($CD2,4,FIND("~",SUBSTITUTE($CD2,"-","~",2))-4)) | CF2: =IF($CD2="","",MID($CD2,FIND("~",SUBSTITUTE($CD2,"-","~",2))+1,FIND("~",SUBSTITUTE($CD2,"-","~",3))-FIND("~",SUBSTITUTE($CD2,"-","~",2))-1)) | CG2: =IF($CE2="","",IFERROR(VLOOKUP($CE2,DECODE!$A$3:$C$8,3,FALSE),"?")) | CH2: =IF($CF2="","",IFERROR(VLOOKUP($CE2&"-"&$CF2,DECODE!$E$3:$F$21,2,FALSE),"?")) | CI2: =IF($CD2="","",IFERROR(VALUE(RIGHT($CD2,3)),"")) | CJ2: =IF($Y2="","",IFERROR(IF(ISNUMBER($Y2),$Y2,DATEVALUE(TRIM($Y2))),"")) | CK2: =IF($CJ2="","",IF(MONTH($CJ2)>=12,"Cold Winter",IF(MONTH($CJ2)>=10,"Post-Monsoon",IF(MONTH($CJ2)>=6,"Hot Humid",IF(MONTH($CJ2)>=3,"Hot Dry","Cold Winter"))))) | CL2: =IF($CE2="","",IFERROR(VLOOKUP($CE2,DECODE!$A$3:$C$8,2,FALSE),"?")) | CM2: =IF($AN2="","",AN2) | CN2: =IF($AO2="","",AO2) | CO2: =IF($AP2="","",AP2) | CP2: =IF($CM2="","",IF($CM2="Aloe Vera Gel","Aloe Vera Gel "&$CO2&"g",CN2&" "&$CO2&"g")) | CQ2: =IF($AT2="",0,1) | CR2: =IF($CQ2=0,"",AW2) | CS2: =IF($CQ2=0,"",AX2) | CT2: =IF($CQ2=0,"",AY2) | CU2: =IF($CR2="","",IF($CR2="Aloe Vera Gel","Aloe Vera Gel "&$CT2&"g",CS2&" "&$CT2&"g")) | CV2: =IF($CQ2=0,"",IF($CP2=$CU2,"Repeat Exact",IF($CT2>$CO2,"Upsized",IF($CT2<$CO2,"Downsized",IF($CM2<>$CR2,"Lateral","Same Size Diff Variant"))))) | CW2: =IF($CQ2=0,"",AZ2-AQ2) | CX2: =IF($CQ2=0,0,IF(CS2=CN2,1,0)) | CY2: =IF($CQ2=0,0,IF(CR2=CM2,1,0)) | CZ2: =IF($A2="","",IF(AND(IF(DASHBOARD!$C$4="All",TRUE,$CM2=DASHBOARD!$C$4),IF(DASHBOARD!$C$6="All",TRUE,$CP2=DASHBOARD!$C$6),IF(DASHBOARD!$C$8="All",TRUE,$AF2>=DASHBOARD!$C$8),IF(DASHBOARD!$C$10="All",TRUE,$AF2<=DASHBOARD!$C$10),IF(DASHBOARD!$C$12="All",TRUE,$AH2=VALUE(DASHBOARD!$C$12)),IF(DASHBOARD!$C$14="All",TRUE,$AJ2=DASHBOARD!$C$14)),1,0))
A3: 27835 | B3: Face Malai | H3: Flax Carrot (Hot Humid) 35+ Face Malai - 50g | N3: FC-HHDM-FC-050 | T3: Jun 22, 2026 | AE3: Gurgaon | AF3: 2026-06 | AG3: 6 | AH3: 1 | AI3: 0 | AJ3: =IF($AE3="","",IFERROR(VLOOKUP(TRIM($AE3),DECODE!$H$3:$I$60,2,FALSE),"Rest of India")) | AK3: =IF($N3="","",UPPER(TRIM(LEFT($N3&",",FIND(",",$N3&",")-1)))) | AL3: =IF($AK3="","",MID($AK3,4,FIND("~",SUBSTITUTE($AK3,"-","~",2))-4)) | AM3: =IF($AK3="","",MID($AK3,FIND("~",SUBSTITUTE($AK3,"-","~",2))+1,FIND("~",SUBSTITUTE($AK3,"-","~",3))-FIND("~",SUBSTITUTE($AK3,"-","~",2))-1)) | AN3: =IF($AL3="","",IFERROR(VLOOKUP($AL3,DECODE!$A$3:$C$8,3,FALSE),"?")) | AO3: =IF($AM3="","",IFERROR(VLOOKUP($AL3&"-"&$AM3,DECODE!$E$3:$F$21,2,FALSE),"?")) | AP3: =IF($AK3="","",IFERROR(VALUE(RIGHT($AK3,3)),"")) | AQ3: =IF($T3="","",IFERROR(IF(ISNUMBER($T3),$T3,DATEVALUE(TRIM($T3))),"")) | AR3: =IF($AQ3="","",IF(MONTH($AQ3)>=12,"Cold Winter",IF(MONTH($AQ3)>=10,"Post-Monsoon",IF(MONTH($AQ3)>=6,"Hot Humid",IF(MONTH($AQ3)>=3,"Hot Dry","Cold Winter"))))) | AS3: =IF($AL3="","",IFERROR(VLOOKUP($AL3,DECODE!$A$3:$C$8,2,FALSE),"?")) | AT3: =IF($O3="","",UPPER(TRIM(LEFT($O3&",",FIND(",",$O3&",")-1)))) | AU3: =IF($AT3="","",MID($AT3,4,FIND("~",SUBSTITUTE($AT3,"-","~",2))-4)) | AV3: =IF($AT3="","",MID($AT3,FIND("~",SUBSTITUTE($AT3,"-","~",2))+1,FIND("~",SUBSTITUTE($AT3,"-","~",3))-FIND("~",SUBSTITUTE($AT3,"-","~",2))-1)) | AW3: =IF($AU3="","",IFERROR(VLOOKUP($AU3,DECODE!$A$3:$C$8,3,FALSE),"?")) | AX3: =IF($AV3="","",IFERROR(VLOOKUP($AU3&"-"&$AV3,DECODE!$E$3:$F$21,2,FALSE),"?")) | AY3: =IF($AT3="","",IFERROR(VALUE(RIGHT($AT3,3)),"")) | AZ3: =IF($U3="","",IFERROR(IF(ISNUMBER($U3),$U3,DATEVALUE(TRIM($U3))),"")) | BA3: =IF($AZ3="","",IF(MONTH($AZ3)>=12,"Cold Winter",IF(MONTH($AZ3)>=10,"Post-Monsoon",IF(MONTH($AZ3)>=6,"Hot Humid",IF(MONTH($AZ3)>=3,"Hot Dry","Cold Winter"))))) | BB3: =IF($AU3="","",IFERROR(VLOOKUP($AU3,DECODE!$A$3:$C$8,2,FALSE),"?")) | BC3: =IF($P3="","",UPPER(TRIM(LEFT($P3&",",FIND(",",$P3&",")-1)))) | BD3: =IF($BC3="","",MID($BC3,4,FIND("~",SUBSTITUTE($BC3,"-","~",2))-4)) | BE3: =IF($BC3="","",MID($BC3,FIND("~",SUBSTITUTE($BC3,"-","~",2))+1,FIND("~",SUBSTITUTE($BC3,"-","~",3))-FIND("~",SUBSTITUTE($BC3,"-","~",2))-1)) | BF3: =IF($BD3="","",IFERROR(VLOOKUP($BD3,DECODE!$A$3:$C$8,3,FALSE),"?")) | BG3: =IF($BE3="","",IFERROR(VLOOKUP($BD3&"-"&$BE3,DECODE!$E$3:$F$21,2,FALSE),"?")) | BH3: =IF($BC3="","",IFERROR(VALUE(RIGHT($BC3,3)),"")) | BI3: =IF($V3="","",IFERROR(IF(ISNUMBER($V3),$V3,DATEVALUE(TRIM($V3))),"")) | BJ3: =IF($BI3="","",IF(MONTH($BI3)>=12,"Cold Winter",IF(MONTH($BI3)>=10,"Post-Monsoon",IF(MONTH($BI3)>=6,"Hot Humid",IF(MONTH($BI3)>=3,"Hot Dry","Cold Winter"))))) | BK3: =IF($BD3="","",IFERROR(VLOOKUP($BD3,DECODE!$A$3:$C$8,2,FALSE),"?")) | BL3: =IF($Q3="","",UPPER(TRIM(LEFT($Q3&",",FIND(",",$Q3&",")-1)))) | BM3: =IF($BL3="","",MID($BL3,4,FIND("~",SUBSTITUTE($BL3,"-","~",2))-4)) | BN3: =IF($BL3="","",MID($BL3,FIND("~",SUBSTITUTE($BL3,"-","~",2))+1,FIND("~",SUBSTITUTE($BL3,"-","~",3))-FIND("~",SUBSTITUTE($BL3,"-","~",2))-1)) | BO3: =IF($BM3="","",IFERROR(VLOOKUP($BM3,DECODE!$A$3:$C$8,3,FALSE),"?")) | BP3: =IF($BN3="","",IFERROR(VLOOKUP($BM3&"-"&$BN3,DECODE!$E$3:$F$21,2,FALSE),"?")) | BQ3: =IF($BL3="","",IFERROR(VALUE(RIGHT($BL3,3)),"")) | BR3: =IF($W3="","",IFERROR(IF(ISNUMBER($W3),$W3,DATEVALUE(TRIM($W3))),"")) | BS3: =IF($BR3="","",IF(MONTH($BR3)>=12,"Cold Winter",IF(MONTH($BR3)>=10,"Post-Monsoon",IF(MONTH($BR3)>=6,"Hot Humid",IF(MONTH($BR3)>=3,"Hot Dry","Cold Winter"))))) | BT3: =IF($BM3="","",IFERROR(VLOOKUP($BM3,DECODE!$A$3:$C$8,2,FALSE),"?")) | BU3: =IF($R3="","",UPPER(TRIM(LEFT($R3&",",FIND(",",$R3&",")-1)))) | BV3: =IF($BU3="","",MID($BU3,4,FIND("~",SUBSTITUTE($BU3,"-","~",2))-4)) | BW3: =IF($BU3="","",MID($BU3,FIND("~",SUBSTITUTE($BU3,"-","~",2))+1,FIND("~",SUBSTITUTE($BU3,"-","~",3))-FIND("~",SUBSTITUTE($BU3,"-","~",2))-1)) | BX3: =IF($BV3="","",IFERROR(VLOOKUP($BV3,DECODE!$A$3:$C$8,3,FALSE),"?")) | BY3: =IF($BW3="","",IFERROR(VLOOKUP($BV3&"-"&$BW3,DECODE!$E$3:$F$21,2,FALSE),"?")) | BZ3: =IF($BU3="","",IFERROR(VALUE(RIGHT($BU3,3)),"")) | CA3: =IF($X3="","",IFERROR(IF(ISNUMBER($X3),$X3,DATEVALUE(TRIM($X3))),"")) | CB3: =IF($CA3="","",IF(MONTH($CA3)>=12,"Cold Winter",IF(MONTH($CA3)>=10,"Post-Monsoon",IF(MONTH($CA3)>=6,"Hot Humid",IF(MONTH($CA3)>=3,"Hot Dry","Cold Winter"))))) | CC3: =IF($BV3="","",IFERROR(VLOOKUP($BV3,DECODE!$A$3:$C$8,2,FALSE),"?")) | CD3: =IF($S3="","",UPPER(TRIM(LEFT($S3&",",FIND(",",$S3&",")-1)))) | CE3: =IF($CD3="","",MID($CD3,4,FIND("~",SUBSTITUTE($CD3,"-","~",2))-4)) | CF3: =IF($CD3="","",MID($CD3,FIND("~",SUBSTITUTE($CD3,"-","~",2))+1,FIND("~",SUBSTITUTE($CD3,"-","~",3))-FIND("~",SUBSTITUTE($CD3,"-","~",2))-1)) | CG3: =IF($CE3="","",IFERROR(VLOOKUP($CE3,DECODE!$A$3:$C$8,3,FALSE),"?")) | CH3: =IF($CF3="","",IFERROR(VLOOKUP($CE3&"-"&$CF3,DECODE!$E$3:$F$21,2,FALSE),"?")) | CI3: =IF($CD3="","",IFERROR(VALUE(RIGHT($CD3,3)),"")) | CJ3: =IF($Y3="","",IFERROR(IF(ISNUMBER($Y3),$Y3,DATEVALUE(TRIM($Y3))),"")) | CK3: =IF($CJ3="","",IF(MONTH($CJ3)>=12,"Cold Winter",IF(MONTH($CJ3)>=10,"Post-Monsoon",IF(MONTH($CJ3)>=6,"Hot Humid",IF(MONTH($CJ3)>=3,"Hot Dry","Cold Winter"))))) | CL3: =IF($CE3="","",IFERROR(VLOOKUP($CE3,DECODE!$A$3:$C$8,2,FALSE),"?")) | CM3: =IF($AN3="","",AN3) | CN3: =IF($AO3="","",AO3) | CO3: =IF($AP3="","",AP3) | CP3: =IF($CM3="","",IF($CM3="Aloe Vera Gel","Aloe Vera Gel "&$CO3&"g",CN3&" "&$CO3&"g")) | CQ3: =IF($AT3="",0,1) | CR3: =IF($CQ3=0,"",AW3) | CS3: =IF($CQ3=0,"",AX3) | CT3: =IF($CQ3=0,"",AY3) | CU3: =IF($CR3="","",IF($CR3="Aloe Vera Gel","Aloe Vera Gel "&$CT3&"g",CS3&" "&$CT3&"g")) | CV3: =IF($CQ3=0,"",IF($CP3=$CU3,"Repeat Exact",IF($CT3>$CO3,"Upsized",IF($CT3<$CO3,"Downsized",IF($CM3<>$CR3,"Lateral","Same Size Diff Variant"))))) | CW3: =IF($CQ3=0,"",AZ3-AQ3) | CX3: =IF($CQ3=0,0,IF(CS3=CN3,1,0)) | CY3: =IF($CQ3=0,0,IF(CR3=CM3,1,0)) | CZ3: =IF($A3="","",IF(AND(IF(DASHBOARD!$C$4="All",TRUE,$CM3=DASHBOARD!$C$4),IF(DASHBOARD!$C$6="All",TRUE,$CP3=DASHBOARD!$C$6),IF(DASHBOARD!$C$8="All",TRUE,$AF3>=DASHBOARD!$C$8),IF(DASHBOARD!$C$10="All",TRUE,$AF3<=DASHBOARD!$C$10),IF(DASHBOARD!$C$12="All",TRUE,$AH3=VALUE(DASHBOARD!$C$12)),IF(DASHBOARD!$C$14="All",TRUE,$AJ3=DASHBOARD!$C$14)),1,0))
A4: 27851 | B4: Active Gel, Face Malai | H4: Flax Bakuchi (Hot Dry) 35+ Face Malai - 50g, Active Neem TeaTree Gel | N4: FC-HDDM-FB-050, FC-AC-NT-050 | T4: May 10, 2026 | AE4: New Delhi | AF4: 2026-05 | AG4: 5 | AH4: 1 | AI4: 0 | AJ4: =IF($AE4="","",IFERROR(VLOOKUP(TRIM($AE4),DECODE!$H$3:$I$60,2,FALSE),"Rest of India")) | AK4: =IF($N4="","",UPPER(TRIM(LEFT($N4&",",FIND(",",$N4&",")-1)))) | AL4: =IF($AK4="","",MID($AK4,4,FIND("~",SUBSTITUTE($AK4,"-","~",2))-4)) | AM4: =IF($AK4="","",MID($AK4,FIND("~",SUBSTITUTE($AK4,"-","~",2))+1,FIND("~",SUBSTITUTE($AK4,"-","~",3))-FIND("~",SUBSTITUTE($AK4,"-","~",2))-1)) | AN4: =IF($AL4="","",IFERROR(VLOOKUP($AL4,DECODE!$A$3:$C$8,3,FALSE),"?")) | AO4: =IF($AM4="","",IFERROR(VLOOKUP($AL4&"-"&$AM4,DECODE!$E$3:$F$21,2,FALSE),"?")) | AP4: =IF($AK4="","",IFERROR(VALUE(RIGHT($AK4,3)),"")) | AQ4: =IF($T4="","",IFERROR(IF(ISNUMBER($T4),$T4,DATEVALUE(TRIM($T4))),"")) | AR4: =IF($AQ4="","",IF(MONTH($AQ4)>=12,"Cold Winter",IF(MONTH($AQ4)>=10,"Post-Monsoon",IF(MONTH($AQ4)>=6,"Hot Humid",IF(MONTH($AQ4)>=3,"Hot Dry","Cold Winter"))))) | AS4: =IF($AL4="","",IFERROR(VLOOKUP($AL4,DECODE!$A$3:$C$8,2,FALSE),"?")) | AT4: =IF($O4="","",UPPER(TRIM(LEFT($O4&",",FIND(",",$O4&",")-1)))) | AU4: =IF($AT4="","",MID($AT4,4,FIND("~",SUBSTITUTE($AT4,"-","~",2))-4)) | AV4: =IF($AT4="","",MID($AT4,FIND("~",SUBSTITUTE($AT4,"-","~",2))+1,FIND("~",SUBSTITUTE($AT4,"-","~",3))-FIND("~",SUBSTITUTE($AT4,"-","~",2))-1)) | AW4: =IF($AU4="","",IFERROR(VLOOKUP($AU4,DECODE!$A$3:$C$8,3,FALSE),"?")) | AX4: =IF($AV4="","",IFERROR(VLOOKUP($AU4&"-"&$AV4,DECODE!$E$3:$F$21,2,FALSE),"?")) | AY4: =IF($AT4="","",IFERROR(VALUE(RIGHT($AT4,3)),"")) | AZ4: =IF($U4="","",IFERROR(IF(ISNUMBER($U4),$U4,DATEVALUE(TRIM($U4))),"")) | BA4: =IF($AZ4="","",IF(MONTH($AZ4)>=12,"Cold Winter",IF(MONTH($AZ4)>=10,"Post-Monsoon",IF(MONTH($AZ4)>=6,"Hot Humid",IF(MONTH($AZ4)>=3,"Hot Dry","Cold Winter"))))) | BB4: =IF($AU4="","",IFERROR(VLOOKUP($AU4,DECODE!$A$3:$C$8,2,FALSE),"?")) | BC4: =IF($P4="","",UPPER(TRIM(LEFT($P4&",",FIND(",",$P4&",")-1)))) | BD4: =IF($BC4="","",MID($BC4,4,FIND("~",SUBSTITUTE($BC4,"-","~",2))-4)) | BE4: =IF($BC4="","",MID($BC4,FIND("~",SUBSTITUTE($BC4,"-","~",2))+1,FIND("~",SUBSTITUTE($BC4,"-","~",3))-FIND("~",SUBSTITUTE($BC4,"-","~",2))-1)) | BF4: =IF($BD4="","",IFERROR(VLOOKUP($BD4,DECODE!$A$3:$C$8,3,FALSE),"?")) | BG4: =IF($BE4="","",IFERROR(VLOOKUP($BD4&"-"&$BE4,DECODE!$E$3:$F$21,2,FALSE),"?")) | BH4: =IF($BC4="","",IFERROR(VALUE(RIGHT($BC4,3)),"")) | BI4: =IF($V4="","",IFERROR(IF(ISNUMBER($V4),$V4,DATEVALUE(TRIM($V4))),"")) | BJ4: =IF($BI4="","",IF(MONTH($BI4)>=12,"Cold Winter",IF(MONTH($BI4)>=10,"Post-Monsoon",IF(MONTH($BI4)>=6,"Hot Humid",IF(MONTH($BI4)>=3,"Hot Dry","Cold Winter"))))) | BK4: =IF($BD4="","",IFERROR(VLOOKUP($BD4,DECODE!$A$3:$C$8,2,FALSE),"?")) | BL4: =IF($Q4="","",UPPER(TRIM(LEFT($Q4&",",FIND(",",$Q4&",")-1)))) | BM4: =IF($BL4="","",MID($BL4,4,FIND("~",SUBSTITUTE($BL4,"-","~",2))-4)) | BN4: =IF($BL4="","",MID($BL4,FIND("~",SUBSTITUTE($BL4,"-","~",2))+1,FIND("~",SUBSTITUTE($BL4,"-","~",3))-FIND("~",SUBSTITUTE($BL4,"-","~",2))-1)) | BO4: =IF($BM4="","",IFERROR(VLOOKUP($BM4,DECODE!$A$3:$C$8,3,FALSE),"?")) | BP4: =IF($BN4="","",IFERROR(VLOOKUP($BM4&"-"&$BN4,DECODE!$E$3:$F$21,2,FALSE),"?")) | BQ4: =IF($BL4="","",IFERROR(VALUE(RIGHT($BL4,3)),"")) | BR4: =IF($W4="","",IFERROR(IF(ISNUMBER($W4),$W4,DATEVALUE(TRIM($W4))),"")) | BS4: =IF($BR4="","",IF(MONTH($BR4)>=12,"Cold Winter",IF(MONTH($BR4)>=10,"Post-Monsoon",IF(MONTH($BR4)>=6,"Hot Humid",IF(MONTH($BR4)>=3,"Hot Dry","Cold Winter"))))) | BT4: =IF($BM4="","",IFERROR(VLOOKUP($BM4,DECODE!$A$3:$C$8,2,FALSE),"?")) | BU4: =IF($R4="","",UPPER(TRIM(LEFT($R4&",",FIND(",",$R4&",")-1)))) | BV4: =IF($BU4="","",MID($BU4,4,FIND("~",SUBSTITUTE($BU4,"-","~",2))-4)) | BW4: =IF($BU4="","",MID($BU4,FIND("~",SUBSTITUTE($BU4,"-","~",2))+1,FIND("~",SUBSTITUTE($BU4,"-","~",3))-FIND("~",SUBSTITUTE($BU4,"-","~",2))-1)) | BX4: =IF($BV4="","",IFERROR(VLOOKUP($BV4,DECODE!$A$3:$C$8,3,FALSE),"?")) | BY4: =IF($BW4="","",IFERROR(VLOOKUP($BV4&"-"&$BW4,DECODE!$E$3:$F$21,2,FALSE),"?")) | BZ4: =IF($BU4="","",IFERROR(VALUE(RIGHT($BU4,3)),"")) | CA4: =IF($X4="","",IFERROR(IF(ISNUMBER($X4),$X4,DATEVALUE(TRIM($X4))),"")) | CB4: =IF($CA4="","",IF(MONTH($CA4)>=12,"Cold Winter",IF(MONTH($CA4)>=10,"Post-Monsoon",IF(MONTH($CA4)>=6,"Hot Humid",IF(MONTH($CA4)>=3,"Hot Dry","Cold Winter"))))) | CC4: =IF($BV4="","",IFERROR(VLOOKUP($BV4,DECODE!$A$3:$C$8,2,FALSE),"?")) | CD4: =IF($S4="","",UPPER(TRIM(LEFT($S4&",",FIND(",",$S4&",")-1)))) | CE4: =IF($CD4="","",MID($CD4,4,FIND("~",SUBSTITUTE($CD4,"-","~",2))-4)) | CF4: =IF($CD4="","",MID($CD4,FIND("~",SUBSTITUTE($CD4,"-","~",2))+1,FIND("~",SUBSTITUTE($CD4,"-","~",3))-FIND("~",SUBSTITUTE($CD4,"-","~",2))-1)) | CG4: =IF($CE4="","",IFERROR(VLOOKUP($CE4,DECODE!$A$3:$C$8,3,FALSE),"?")) | CH4: =IF($CF4="","",IFERROR(VLOOKUP($CE4&"-"&$CF4,DECODE!$E$3:$F$21,2,FALSE),"?")) | CI4: =IF($CD4="","",IFERROR(VALUE(RIGHT($CD4,3)),"")) | CJ4: =IF($Y4="","",IFERROR(IF(ISNUMBER($Y4),$Y4,DATEVALUE(TRIM($Y4))),"")) | CK4: =IF($CJ4="","",IF(MONTH($CJ4)>=12,"Cold Winter",IF(MONTH($CJ4)>=10,"Post-Monsoon",IF(MONTH($CJ4)>=6,"Hot Humid",IF(MONTH($CJ4)>=3,"Hot Dry","Cold Winter"))))) | CL4: =IF($CE4="","",IFERROR(VLOOKUP($CE4,DECODE!$A$3:$C$8,2,FALSE),"?")) | CM4: =IF($AN4="","",AN4) | CN4: =IF($AO4="","",AO4) | CO4: =IF($AP4="","",AP4) | CP4: =IF($CM4="","",IF($CM4="Aloe Vera Gel","Aloe Vera Gel "&$CO4&"g",CN4&" "&$CO4&"g")) | CQ4: =IF($AT4="",0,1) | CR4: =IF($CQ4=0,"",AW4) | CS4: =IF($CQ4=0,"",AX4) | CT4: =IF($CQ4=0,"",AY4) | CU4: =IF($CR4="","",IF($CR4="Aloe Vera Gel","Aloe Vera Gel "&$CT4&"g",CS4&" "&$CT4&"g")) | CV4: =IF($CQ4=0,"",IF($CP4=$CU4,"Repeat Exact",IF($CT4>$CO4,"Upsized",IF($CT4<$CO4,"Downsized",IF($CM4<>$CR4,"Lateral","Same Size Diff Variant"))))) | CW4: =IF($CQ4=0,"",AZ4-AQ4) | CX4: =IF($CQ4=0,0,IF(CS4=CN4,1,0)) | CY4: =IF($CQ4=0,0,IF(CR4=CM4,1,0)) | CZ4: =IF($A4="","",IF(AND(IF(DASHBOARD!$C$4="All",TRUE,$CM4=DASHBOARD!$C$4),IF(DASHBOARD!$C$6="All",TRUE,$CP4=DASHBOARD!$C$6),IF(DASHBOARD!$C$8="All",TRUE,$AF4>=DASHBOARD!$C$8),IF(DASHBOARD!$C$10="All",TRUE,$AF4<=DASHBOARD!$C$10),IF(DASHBOARD!$C$12="All",TRUE,$AH4=VALUE(DASHBOARD!$C$12)),IF(DASHBOARD!$C$14="All",TRUE,$AJ4=DASHBOARD!$C$14)),1,0))
A5: 27893 | B5: Face Malai | H5: Pomegranate Tulsi (Hot Dry) 13 - 19 Yrs Face Malai | N5: FC-HDDM-PT-030 | T5: Apr 7, 2024 | AE5: Gautam Buddha Nagar | AF5: 2024-04 | AG5: 4 | AH5: 1 | AI5: 0 | AJ5: =IF($AE5="","",IFERROR(VLOOKUP(TRIM($AE5),DECODE!$H$3:$I$60,2,FALSE),"Rest of India")) | AK5: =IF($N5="","",UPPER(TRIM(LEFT($N5&",",FIND(",",$N5&",")-1)))) | AL5: =IF($AK5="","",MID($AK5,4,FIND("~",SUBSTITUTE($AK5,"-","~",2))-4)) | AM5: =IF($AK5="","",MID($AK5,FIND("~",SUBSTITUTE($AK5,"-","~",2))+1,FIND("~",SUBSTITUTE($AK5,"-","~",3))-FIND("~",SUBSTITUTE($AK5,"-","~",2))-1)) | AN5: =IF($AL5="","",IFERROR(VLOOKUP($AL5,DECODE!$A$3:$C$8,3,FALSE),"?")) | AO5: =IF($AM5="","",IFERROR(VLOOKUP($AL5&"-"&$AM5,DECODE!$E$3:$F$21,2,FALSE),"?")) | AP5: =IF($AK5="","",IFERROR(VALUE(RIGHT($AK5,3)),"")) | AQ5: =IF($T5="","",IFERROR(IF(ISNUMBER($T5),$T5,DATEVALUE(TRIM($T5))),"")) | AR5: =IF($AQ5="","",IF(MONTH($AQ5)>=12,"Cold Winter",IF(MONTH($AQ5)>=10,"Post-Monsoon",IF(MONTH($AQ5)>=6,"Hot Humid",IF(MONTH($AQ5)>=3,"Hot Dry","Cold Winter"))))) | AS5: =IF($AL5="","",IFERROR(VLOOKUP($AL5,DECODE!$A$3:$C$8,2,FALSE),"?")) | AT5: =IF($O5="","",UPPER(TRIM(LEFT($O5&",",FIND(",",$O5&",")-1)))) | AU5: =IF($AT5="","",MID($AT5,4,FIND("~",SUBSTITUTE($AT5,"-","~",2))-4)) | AV5: =IF($AT5="","",MID($AT5,FIND("~",SUBSTITUTE($AT5,"-","~",2))+1,FIND("~",SUBSTITUTE($AT5,"-","~",3))-FIND("~",SUBSTITUTE($AT5,"-","~",2))-1)) | AW5: =IF($AU5="","",IFERROR(VLOOKUP($AU5,DECODE!$A$3:$C$8,3,FALSE),"?")) | AX5: =IF($AV5="","",IFERROR(VLOOKUP($AU5&"-"&$AV5,DECODE!$E$3:$F$21,2,FALSE),"?")) | AY5: =IF($AT5="","",IFERROR(VALUE(RIGHT($AT5,3)),"")) | AZ5: =IF($U5="","",IFERROR(IF(ISNUMBER($U5),$U5,DATEVALUE(TRIM($U5))),"")) | BA5: =IF($AZ5="","",IF(MONTH($AZ5)>=12,"Cold Winter",IF(MONTH($AZ5)>=10,"Post-Monsoon",IF(MONTH($AZ5)>=6,"Hot Humid",IF(MONTH($AZ5)>=3,"Hot Dry","Cold Winter"))))) | BB5: =IF($AU5="","",IFERROR(VLOOKUP($AU5,DECODE!$A$3:$C$8,2,FALSE),"?")) | BC5: =IF($P5="","",UPPER(TRIM(LEFT($P5&",",FIND(",",$P5&",")-1)))) | BD5: =IF($BC5="","",MID($BC5,4,FIND("~",SUBSTITUTE($BC5,"-","~",2))-4)) | BE5: =IF($BC5="","",MID($BC5,FIND("~",SUBSTITUTE($BC5,"-","~",2))+1,FIND("~",SUBSTITUTE($BC5,"-","~",3))-FIND("~",SUBSTITUTE($BC5,"-","~",2))-1)) | BF5: =IF($BD5="","",IFERROR(VLOOKUP($BD5,DECODE!$A$3:$C$8,3,FALSE),"?")) | BG5: =IF($BE5="","",IFERROR(VLOOKUP($BD5&"-"&$BE5,DECODE!$E$3:$F$21,2,FALSE),"?")) | BH5: =IF($BC5="","",IFERROR(VALUE(RIGHT($BC5,3)),"")) | BI5: =IF($V5="","",IFERROR(IF(ISNUMBER($V5),$V5,DATEVALUE(TRIM($V5))),"")) | BJ5: =IF($BI5="","",IF(MONTH($BI5)>=12,"Cold Winter",IF(MONTH($BI5)>=10,"Post-Monsoon",IF(MONTH($BI5)>=6,"Hot Humid",IF(MONTH($BI5)>=3,"Hot Dry","Cold Winter"))))) | BK5: =IF($BD5="","",IFERROR(VLOOKUP($BD5,DECODE!$A$3:$C$8,2,FALSE),"?")) | BL5: =IF($Q5="","",UPPER(TRIM(LEFT($Q5&",",FIND(",",$Q5&",")-1)))) | BM5: =IF($BL5="","",MID($BL5,4,FIND("~",SUBSTITUTE($BL5,"-","~",2))-4)) | BN5: =IF($BL5="","",MID($BL5,FIND("~",SUBSTITUTE($BL5,"-","~",2))+1,FIND("~",SUBSTITUTE($BL5,"-","~",3))-FIND("~",SUBSTITUTE($BL5,"-","~",2))-1)) | BO5: =IF($BM5="","",IFERROR(VLOOKUP($BM5,DECODE!$A$3:$C$8,3,FALSE),"?")) | BP5: =IF($BN5="","",IFERROR(VLOOKUP($BM5&"-"&$BN5,DECODE!$E$3:$F$21,2,FALSE),"?")) | BQ5: =IF($BL5="","",IFERROR(VALUE(RIGHT($BL5,3)),"")) | BR5: =IF($W5="","",IFERROR(IF(ISNUMBER($W5),$W5,DATEVALUE(TRIM($W5))),"")) | BS5: =IF($BR5="","",IF(MONTH($BR5)>=12,"Cold Winter",IF(MONTH($BR5)>=10,"Post-Monsoon",IF(MONTH($BR5)>=6,"Hot Humid",IF(MONTH($BR5)>=3,"Hot Dry","Cold Winter"))))) | BT5: =IF($BM5="","",IFERROR(VLOOKUP($BM5,DECODE!$A$3:$C$8,2,FALSE),"?")) | BU5: =IF($R5="","",UPPER(TRIM(LEFT($R5&",",FIND(",",$R5&",")-1)))) | BV5: =IF($BU5="","",MID($BU5,4,FIND("~",SUBSTITUTE($BU5,"-","~",2))-4)) | BW5: =IF($BU5="","",MID($BU5,FIND("~",SUBSTITUTE($BU5,"-","~",2))+1,FIND("~",SUBSTITUTE($BU5,"-","~",3))-FIND("~",SUBSTITUTE($BU5,"-","~",2))-1)) | BX5: =IF($BV5="","",IFERROR(VLOOKUP($BV5,DECODE!$A$3:$C$8,3,FALSE),"?")) | BY5: =IF($BW5="","",IFERROR(VLOOKUP($BV5&"-"&$BW5,DECODE!$E$3:$F$21,2,FALSE),"?")) | BZ5: =IF($BU5="","",IFERROR(VALUE(RIGHT($BU5,3)),"")) | CA5: =IF($X5="","",IFERROR(IF(ISNUMBER($X5),$X5,DATEVALUE(TRIM($X5))),"")) | CB5: =IF($CA5="","",IF(MONTH($CA5)>=12,"Cold Winter",IF(MONTH($CA5)>=10,"Post-Monsoon",IF(MONTH($CA5)>=6,"Hot Humid",IF(MONTH($CA5)>=3,"Hot Dry","Cold Winter"))))) | CC5: =IF($BV5="","",IFERROR(VLOOKUP($BV5,DECODE!$A$3:$C$8,2,FALSE),"?")) | CD5: =IF($S5="","",UPPER(TRIM(LEFT($S5&",",FIND(",",$S5&",")-1)))) | CE5: =IF($CD5="","",MID($CD5,4,FIND("~",SUBSTITUTE($CD5,"-","~",2))-4)) | CF5: =IF($CD5="","",MID($CD5,FIND("~",SUBSTITUTE($CD5,"-","~",2))+1,FIND("~",SUBSTITUTE($CD5,"-","~",3))-FIND("~",SUBSTITUTE($CD5,"-","~",2))-1)) | CG5: =IF($CE5="","",IFERROR(VLOOKUP($CE5,DECODE!$A$3:$C$8,3,FALSE),"?")) | CH5: =IF($CF5="","",IFERROR(VLOOKUP($CE5&"-"&$CF5,DECODE!$E$3:$F$21,2,FALSE),"?")) | CI5: =IF($CD5="","",IFERROR(VALUE(RIGHT($CD5,3)),"")) | CJ5: =IF($Y5="","",IFERROR(IF(ISNUMBER($Y5),$Y5,DATEVALUE(TRIM($Y5))),"")) | CK5: =IF($CJ5="","",IF(MONTH($CJ5)>=12,"Cold Winter",IF(MONTH($CJ5)>=10,"Post-Monsoon",IF(MONTH($CJ5)>=6,"Hot Humid",IF(MONTH($CJ5)>=3,"Hot Dry","Cold Winter"))))) | CL5: =IF($CE5="","",IFERROR(VLOOKUP($CE5,DECODE!$A$3:$C$8,2,FALSE),"?")) | CM5: =IF($AN5="","",AN5) | CN5: =IF($AO5="","",AO5) | CO5: =IF($AP5="","",AP5) | CP5: =IF($CM5="","",IF($CM5="Aloe Vera Gel","Aloe Vera Gel "&$CO5&"g",CN5&" "&$CO5&"g")) | CQ5: =IF($AT5="",0,1) | CR5: =IF($CQ5=0,"",AW5) | CS5: =IF($CQ5=0,"",AX5) | CT5: =IF($CQ5=0,"",AY5) | CU5: =IF($CR5="","",IF($CR5="Aloe Vera Gel","Aloe Vera Gel "&$CT5&"g",CS5&" "&$CT5&"g")) | CV5: =IF($CQ5=0,"",IF($CP5=$CU5,"Repeat Exact",IF($CT5>$CO5,"Upsized",IF($CT5<$CO5,"Downsized",IF($CM5<>$CR5,"Lateral","Same Size Diff Variant"))))) | CW5: =IF($CQ5=0,"",AZ5-AQ5) | CX5: =IF($CQ5=0,0,IF(CS5=CN5,1,0)) | CY5: =IF($CQ5=0,0,IF(CR5=CM5,1,0)) | CZ5: =IF($A5="","",IF(AND(IF(DASHBOARD!$C$4="All",TRUE,$CM5=DASHBOARD!$C$4),IF(DASHBOARD!$C$6="All",TRUE,$CP5=DASHBOARD!$C$6),IF(DASHBOARD!$C$8="All",TRUE,$AF5>=DASHBOARD!$C$8),IF(DASHBOARD!$C$10="All",TRUE,$AF5<=DASHBOARD!$C$10),IF(DASHBOARD!$C$12="All",TRUE,$AH5=VALUE(DASHBOARD!$C$12)),IF(DASHBOARD!$C$14="All",TRUE,$AJ5=DASHBOARD!$C$14)),1,0))
A6: 28176 | B6: Face Malai | H6: Flax Walnut (Cold) 35+ Face Malai | N6: FC-CWDM-FW-030 | T6: Nov 20, 2024 | AE6: New Delhi | AF6: 2024-11 | AG6: 11 | AH6: 1 | AI6: 0 | AJ6: =IF($AE6="","",IFERROR(VLOOKUP(TRIM($AE6),DECODE!$H$3:$I$60,2,FALSE),"Rest of India")) | AK6: =IF($N6="","",UPPER(TRIM(LEFT($N6&",",FIND(",",$N6&",")-1)))) | AL6: =IF($AK6="","",MID($AK6,4,FIND("~",SUBSTITUTE($AK6,"-","~",2))-4)) | AM6: =IF($AK6="","",MID($AK6,FIND("~",SUBSTITUTE($AK6,"-","~",2))+1,FIND("~",SUBSTITUTE($AK6,"-","~",3))-FIND("~",SUBSTITUTE($AK6,"-","~",2))-1)) | AN6: =IF($AL6="","",IFERROR(VLOOKUP($AL6,DECODE!$A$3:$C$8,3,FALSE),"?")) | AO6: =IF($AM6="","",IFERROR(VLOOKUP($AL6&"-"&$AM6,DECODE!$E$3:$F$21,2,FALSE),"?")) | AP6: =IF($AK6="","",IFERROR(VALUE(RIGHT($AK6,3)),"")) | AQ6: =IF($T6="","",IFERROR(IF(ISNUMBER($T6),$T6,DATEVALUE(TRIM($T6))),"")) | AR6: =IF($AQ6="","",IF(MONTH($AQ6)>=12,"Cold Winter",IF(MONTH($AQ6)>=10,"Post-Monsoon",IF(MONTH($AQ6)>=6,"Hot Humid",IF(MONTH($AQ6)>=3,"Hot Dry","Cold Winter"))))) | AS6: =IF($AL6="","",IFERROR(VLOOKUP($AL6,DECODE!$A$3:$C$8,2,FALSE),"?")) | AT6: =IF($O6="","",UPPER(TRIM(LEFT($O6&",",FIND(",",$O6&",")-1)))) | AU6: =IF($AT6="","",MID($AT6,4,FIND("~",SUBSTITUTE($AT6,"-","~",2))-4)) | AV6: =IF($AT6="","",MID($AT6,FIND("~",SUBSTITUTE($AT6,"-","~",2))+1,FIND("~",SUBSTITUTE($AT6,"-","~",3))-FIND("~",SUBSTITUTE($AT6,"-","~",2))-1)) | AW6: =IF($AU6="","",IFERROR(VLOOKUP($AU6,DECODE!$A$3:$C$8,3,FALSE),"?")) | AX6: =IF($AV6="","",IFERROR(VLOOKUP($AU6&"-"&$AV6,DECODE!$E$3:$F$21,2,FALSE),"?")) | AY6: =IF($AT6="","",IFERROR(VALUE(RIGHT($AT6,3)),"")) | AZ6: =IF($U6="","",IFERROR(IF(ISNUMBER($U6),$U6,DATEVALUE(TRIM($U6))),"")) | BA6: =IF($AZ6="","",IF(MONTH($AZ6)>=12,"Cold Winter",IF(MONTH($AZ6)>=10,"Post-Monsoon",IF(MONTH($AZ6)>=6,"Hot Humid",IF(MONTH($AZ6)>=3,"Hot Dry","Cold Winter"))))) | BB6: =IF($AU6="","",IFERROR(VLOOKUP($AU6,DECODE!$A$3:$C$8,2,FALSE),"?")) | BC6: =IF($P6="","",UPPER(TRIM(LEFT($P6&",",FIND(",",$P6&",")-1)))) | BD6: =IF($BC6="","",MID($BC6,4,FIND("~",SUBSTITUTE($BC6,"-","~",2))-4)) | BE6: =IF($BC6="","",MID($BC6,FIND("~",SUBSTITUTE($BC6,"-","~",2))+1,FIND("~",SUBSTITUTE($BC6,"-","~",3))-FIND("~",SUBSTITUTE($BC6,"-","~",2))-1)) | BF6: =IF($BD6="","",IFERROR(VLOOKUP($BD6,DECODE!$A$3:$C$8,3,FALSE),"?")) | BG6: =IF($BE6="","",IFERROR(VLOOKUP($BD6&"-"&$BE6,DECODE!$E$3:$F$21,2,FALSE),"?")) | BH6: =IF($BC6="","",IFERROR(VALUE(RIGHT($BC6,3)),"")) | BI6: =IF($V6="","",IFERROR(IF(ISNUMBER($V6),$V6,DATEVALUE(TRIM($V6))),"")) | BJ6: =IF($BI6="","",IF(MONTH($BI6)>=12,"Cold Winter",IF(MONTH($BI6)>=10,"Post-Monsoon",IF(MONTH($BI6)>=6,"Hot Humid",IF(MONTH($BI6)>=3,"Hot Dry","Cold Winter"))))) | BK6: =IF($BD6="","",IFERROR(VLOOKUP($BD6,DECODE!$A$3:$C$8,2,FALSE),"?")) | BL6: =IF($Q6="","",UPPER(TRIM(LEFT($Q6&",",FIND(",",$Q6&",")-1)))) | BM6: =IF($BL6="","",MID($BL6,4,FIND("~",SUBSTITUTE($BL6,"-","~",2))-4)) | BN6: =IF($BL6="","",MID($BL6,FIND("~",SUBSTITUTE($BL6,"-","~",2))+1,FIND("~",SUBSTITUTE($BL6,"-","~",3))-FIND("~",SUBSTITUTE($BL6,"-","~",2))-1)) | BO6: =IF($BM6="","",IFERROR(VLOOKUP($BM6,DECODE!$A$3:$C$8,3,FALSE),"?")) | BP6: =IF($BN6="","",IFERROR(VLOOKUP($BM6&"-"&$BN6,DECODE!$E$3:$F$21,2,FALSE),"?")) | BQ6: =IF($BL6="","",IFERROR(VALUE(RIGHT($BL6,3)),"")) | BR6: =IF($W6="","",IFERROR(IF(ISNUMBER($W6),$W6,DATEVALUE(TRIM($W6))),"")) | BS6: =IF($BR6="","",IF(MONTH($BR6)>=12,"Cold Winter",IF(MONTH($BR6)>=10,"Post-Monsoon",IF(MONTH($BR6)>=6,"Hot Humid",IF(MONTH($BR6)>=3,"Hot Dry","Cold Winter"))))) | BT6: =IF($BM6="","",IFERROR(VLOOKUP($BM6,DECODE!$A$3:$C$8,2,FALSE),"?")) | BU6: =IF($R6="","",UPPER(TRIM(LEFT($R6&",",FIND(",",$R6&",")-1)))) | BV6: =IF($BU6="","",MID($BU6,4,FIND("~",SUBSTITUTE($BU6,"-","~",2))-4)) | BW6: =IF($BU6="","",MID($BU6,FIND("~",SUBSTITUTE($BU6,"-","~",2))+1,FIND("~",SUBSTITUTE($BU6,"-","~",3))-FIND("~",SUBSTITUTE($BU6,"-","~",2))-1)) | BX6: =IF($BV6="","",IFERROR(VLOOKUP($BV6,DECODE!$A$3:$C$8,3,FALSE),"?")) | BY6: =IF($BW6="","",IFERROR(VLOOKUP($BV6&"-"&$BW6,DECODE!$E$3:$F$21,2,FALSE),"?")) | BZ6: =IF($BU6="","",IFERROR(VALUE(RIGHT($BU6,3)),"")) | CA6: =IF($X6="","",IFERROR(IF(ISNUMBER($X6),$X6,DATEVALUE(TRIM($X6))),"")) | CB6: =IF($CA6="","",IF(MONTH($CA6)>=12,"Cold Winter",IF(MONTH($CA6)>=10,"Post-Monsoon",IF(MONTH($CA6)>=6,"Hot Humid",IF(MONTH($CA6)>=3,"Hot Dry","Cold Winter"))))) | CC6: =IF($BV6="","",IFERROR(VLOOKUP($BV6,DECODE!$A$3:$C$8,2,FALSE),"?")) | CD6: =IF($S6="","",UPPER(TRIM(LEFT($S6&",",FIND(",",$S6&",")-1)))) | CE6: =IF($CD6="","",MID($CD6,4,FIND("~",SUBSTITUTE($CD6,"-","~",2))-4)) | CF6: =IF($CD6="","",MID($CD6,FIND("~",SUBSTITUTE($CD6,"-","~",2))+1,FIND("~",SUBSTITUTE($CD6,"-","~",3))-FIND("~",SUBSTITUTE($CD6,"-","~",2))-1)) | CG6: =IF($CE6="","",IFERROR(VLOOKUP($CE6,DECODE!$A$3:$C$8,3,FALSE),"?")) | CH6: =IF($CF6="","",IFERROR(VLOOKUP($CE6&"-"&$CF6,DECODE!$E$3:$F$21,2,FALSE),"?")) | CI6: =IF($CD6="","",IFERROR(VALUE(RIGHT($CD6,3)),"")) | CJ6: =IF($Y6="","",IFERROR(IF(ISNUMBER($Y6),$Y6,DATEVALUE(TRIM($Y6))),"")) | CK6: =IF($CJ6="","",IF(MONTH($CJ6)>=12,"Cold Winter",IF(MONTH($CJ6)>=10,"Post-Monsoon",IF(MONTH($CJ6)>=6,"Hot Humid",IF(MONTH($CJ6)>=3,"Hot Dry","Cold Winter"))))) | CL6: =IF($CE6="","",IFERROR(VLOOKUP($CE6,DECODE!$A$3:$C$8,2,FALSE),"?")) | CM6: =IF($AN6="","",AN6) | CN6: =IF($AO6="","",AO6) | CO6: =IF($AP6="","",AP6) | CP6: =IF($CM6="","",IF($CM6="Aloe Vera Gel","Aloe Vera Gel "&$CO6&"g",CN6&" "&$CO6&"g")) | CQ6: =IF($AT6="",0,1) | CR6: =IF($CQ6=0,"",AW6) | CS6: =IF($CQ6=0,"",AX6) | CT6: =IF($CQ6=0,"",AY6) | CU6: =IF($CR6="","",IF($CR6="Aloe Vera Gel","Aloe Vera Gel "&$CT6&"g",CS6&" "&$CT6&"g")) | CV6: =IF($CQ6=0,"",IF($CP6=$CU6,"Repeat Exact",IF($CT6>$CO6,"Upsized",IF($CT6<$CO6,"Downsized",IF($CM6<>$CR6,"Lateral","Same Size Diff Variant"))))) | CW6: =IF($CQ6=0,"",AZ6-AQ6) | CX6: =IF($CQ6=0,0,IF(CS6=CN6,1,0)) | CY6: =IF($CQ6=0,0,IF(CR6=CM6,1,0)) | CZ6: =IF($A6="","",IF(AND(IF(DASHBOARD!$C$4="All",TRUE,$CM6=DASHBOARD!$C$4),IF(DASHBOARD!$C$6="All",TRUE,$CP6=DASHBOARD!$C$6),IF(DASHBOARD!$C$8="All",TRUE,$AF6>=DASHBOARD!$C$8),IF(DASHBOARD!$C$10="All",TRUE,$AF6<=DASHBOARD!$C$10),IF(DASHBOARD!$C$12="All",TRUE,$AH6=VALUE(DASHBOARD!$C$12)),IF(DASHBOARD!$C$14="All",TRUE,$AJ6=DASHBOARD!$C$14)),1,0))
A7: 28252 | B7: Face Malai | H7: Turmeric Nutmeg (Pigmentation) Face Malai - 30g | N7: FC-DM-PG-030 | T7: Jul 4, 2025 | AE7: New Delhi | AF7: 2025-07 | AG7: 7 | AH7: 1 | AI7: 0 | AJ7: =IF($AE7="","",IFERROR(VLOOKUP(TRIM($AE7),DECODE!$H$3:$I$60,2,FALSE),"Rest of India")) | AK7: =IF($N7="","",UPPER(TRIM(LEFT($N7&",",FIND(",",$N7&",")-1)))) | AL7: =IF($AK7="","",MID($AK7,4,FIND("~",SUBSTITUTE($AK7,"-","~",2))-4)) | AM7: =IF($AK7="","",MID($AK7,FIND("~",SUBSTITUTE($AK7,"-","~",2))+1,FIND("~",SUBSTITUTE($AK7,"-","~",3))-FIND("~",SUBSTITUTE($AK7,"-","~",2))-1)) | AN7: =IF($AL7="","",IFERROR(VLOOKUP($AL7,DECODE!$A$3:$C$8,3,FALSE),"?")) | AO7: =IF($AM7="","",IFERROR(VLOOKUP($AL7&"-"&$AM7,DECODE!$E$3:$F$21,2,FALSE),"?")) | AP7: =IF($AK7="","",IFERROR(VALUE(RIGHT($AK7,3)),"")) | AQ7: =IF($T7="","",IFERROR(IF(ISNUMBER($T7),$T7,DATEVALUE(TRIM($T7))),"")) | AR7: =IF($AQ7="","",IF(MONTH($AQ7)>=12,"Cold Winter",IF(MONTH($AQ7)>=10,"Post-Monsoon",IF(MONTH($AQ7)>=6,"Hot Humid",IF(MONTH($AQ7)>=3,"Hot Dry","Cold Winter"))))) | AS7: =IF($AL7="","",IFERROR(VLOOKUP($AL7,DECODE!$A$3:$C$8,2,FALSE),"?")) | AT7: =IF($O7="","",UPPER(TRIM(LEFT($O7&",",FIND(",",$O7&",")-1)))) | AU7: =IF($AT7="","",MID($AT7,4,FIND("~",SUBSTITUTE($AT7,"-","~",2))-4)) | AV7: =IF($AT7="","",MID($AT7,FIND("~",SUBSTITUTE($AT7,"-","~",2))+1,FIND("~",SUBSTITUTE($AT7,"-","~",3))-FIND("~",SUBSTITUTE($AT7,"-","~",2))-1)) | AW7: =IF($AU7="","",IFERROR(VLOOKUP($AU7,DECODE!$A$3:$C$8,3,FALSE),"?")) | AX7: =IF($AV7="","",IFERROR(VLOOKUP($AU7&"-"&$AV7,DECODE!$E$3:$F$21,2,FALSE),"?")) | AY7: =IF($AT7="","",IFERROR(VALUE(RIGHT($AT7,3)),"")) | AZ7: =IF($U7="","",IFERROR(IF(ISNUMBER($U7),$U7,DATEVALUE(TRIM($U7))),"")) | BA7: =IF($AZ7="","",IF(MONTH($AZ7)>=12,"Cold Winter",IF(MONTH($AZ7)>=10,"Post-Monsoon",IF(MONTH($AZ7)>=6,"Hot Humid",IF(MONTH($AZ7)>=3,"Hot Dry","Cold Winter"))))) | BB7: =IF($AU7="","",IFERROR(VLOOKUP($AU7,DECODE!$A$3:$C$8,2,FALSE),"?")) | BC7: =IF($P7="","",UPPER(TRIM(LEFT($P7&",",FIND(",",$P7&",")-1)))) | BD7: =IF($BC7="","",MID($BC7,4,FIND("~",SUBSTITUTE($BC7,"-","~",2))-4)) | BE7: =IF($BC7="","",MID($BC7,FIND("~",SUBSTITUTE($BC7,"-","~",2))+1,FIND("~",SUBSTITUTE($BC7,"-","~",3))-FIND("~",SUBSTITUTE($BC7,"-","~",2))-1)) | BF7: =IF($BD7="","",IFERROR(VLOOKUP($BD7,DECODE!$A$3:$C$8,3,FALSE),"?")) | BG7: =IF($BE7="","",IFERROR(VLOOKUP($BD7&"-"&$BE7,DECODE!$E$3:$F$21,2,FALSE),"?")) | BH7: =IF($BC7="","",IFERROR(VALUE(RIGHT($BC7,3)),"")) | BI7: =IF($V7="","",IFERROR(IF(ISNUMBER($V7),$V7,DATEVALUE(TRIM($V7))),"")) | BJ7: =IF($BI7="","",IF(MONTH($BI7)>=12,"Cold Winter",IF(MONTH($BI7)>=10,"Post-Monsoon",IF(MONTH($BI7)>=6,"Hot Humid",IF(MONTH($BI7)>=3,"Hot Dry","Cold Winter"))))) | BK7: =IF($BD7="","",IFERROR(VLOOKUP($BD7,DECODE!$A$3:$C$8,2,FALSE),"?")) | BL7: =IF($Q7="","",UPPER(TRIM(LEFT($Q7&",",FIND(",",$Q7&",")-1)))) | BM7: =IF($BL7="","",MID($BL7,4,FIND("~",SUBSTITUTE($BL7,"-","~",2))-4)) | BN7: =IF($BL7="","",MID($BL7,FIND("~",SUBSTITUTE($BL7,"-","~",2))+1,FIND("~",SUBSTITUTE($BL7,"-","~",3))-FIND("~",SUBSTITUTE($BL7,"-","~",2))-1)) | BO7: =IF($BM7="","",IFERROR(VLOOKUP($BM7,DECODE!$A$3:$C$8,3,FALSE),"?")) | BP7: =IF($BN7="","",IFERROR(VLOOKUP($BM7&"-"&$BN7,DECODE!$E$3:$F$21,2,FALSE),"?")) | BQ7: =IF($BL7="","",IFERROR(VALUE(RIGHT($BL7,3)),"")) | BR7: =IF($W7="","",IFERROR(IF(ISNUMBER($W7),$W7,DATEVALUE(TRIM($W7))),"")) | BS7: =IF($BR7="","",IF(MONTH($BR7)>=12,"Cold Winter",IF(MONTH($BR7)>=10,"Post-Monsoon",IF(MONTH($BR7)>=6,"Hot Humid",IF(MONTH($BR7)>=3,"Hot Dry","Cold Winter"))))) | BT7: =IF($BM7="","",IFERROR(VLOOKUP($BM7,DECODE!$A$3:$C$8,2,FALSE),"?")) | BU7: =IF($R7="","",UPPER(TRIM(LEFT($R7&",",FIND(",",$R7&",")-1)))) | BV7: =IF($BU7="","",MID($BU7,4,FIND("~",SUBSTITUTE($BU7,"-","~",2))-4)) | BW7: =IF($BU7="","",MID($BU7,FIND("~",SUBSTITUTE($BU7,"-","~",2))+1,FIND("~",SUBSTITUTE($BU7,"-","~",3))-FIND("~",SUBSTITUTE($BU7,"-","~",2))-1)) | BX7: =IF($BV7="","",IFERROR(VLOOKUP($BV7,DECODE!$A$3:$C$8,3,FALSE),"?")) | BY7: =IF($BW7="","",IFERROR(VLOOKUP($BV7&"-"&$BW7,DECODE!$E$3:$F$21,2,FALSE),"?")) | BZ7: =IF($BU7="","",IFERROR(VALUE(RIGHT($BU7,3)),"")) | CA7: =IF($X7="","",IFERROR(IF(ISNUMBER($X7),$X7,DATEVALUE(TRIM($X7))),"")) | CB7: =IF($CA7="","",IF(MONTH($CA7)>=12,"Cold Winter",IF(MONTH($CA7)>=10,"Post-Monsoon",IF(MONTH($CA7)>=6,"Hot Humid",IF(MONTH($CA7)>=3,"Hot Dry","Cold Winter"))))) | CC7: =IF($BV7="","",IFERROR(VLOOKUP($BV7,DECODE!$A$3:$C$8,2,FALSE),"?")) | CD7: =IF($S7="","",UPPER(TRIM(LEFT($S7&",",FIND(",",$S7&",")-1)))) | CE7: =IF($CD7="","",MID($CD7,4,FIND("~",SUBSTITUTE($CD7,"-","~",2))-4)) | CF7: =IF($CD7="","",MID($CD7,FIND("~",SUBSTITUTE($CD7,"-","~",2))+1,FIND("~",SUBSTITUTE($CD7,"-","~",3))-FIND("~",SUBSTITUTE($CD7,"-","~",2))-1)) | CG7: =IF($CE7="","",IFERROR(VLOOKUP($CE7,DECODE!$A$3:$C$8,3,FALSE),"?")) | CH7: =IF($CF7="","",IFERROR(VLOOKUP($CE7&"-"&$CF7,DECODE!$E$3:$F$21,2,FALSE),"?")) | CI7: =IF($CD7="","",IFERROR(VALUE(RIGHT($CD7,3)),"")) | CJ7: =IF($Y7="","",IFERROR(IF(ISNUMBER($Y7),$Y7,DATEVALUE(TRIM($Y7))),"")) | CK7: =IF($CJ7="","",IF(MONTH($CJ7)>=12,"Cold Winter",IF(MONTH($CJ7)>=10,"Post-Monsoon",IF(MONTH($CJ7)>=6,"Hot Humid",IF(MONTH($CJ7)>=3,"Hot Dry","Cold Winter"))))) | CL7: =IF($CE7="","",IFERROR(VLOOKUP($CE7,DECODE!$A$3:$C$8,2,FALSE),"?")) | CM7: =IF($AN7="","",AN7) | CN7: =IF($AO7="","",AO7) | CO7: =IF($AP7="","",AP7) | CP7: =IF($CM7="","",IF($CM7="Aloe Vera Gel","Aloe Vera Gel "&$CO7&"g",CN7&" "&$CO7&"g")) | CQ7: =IF($AT7="",0,1) | CR7: =IF($CQ7=0,"",AW7) | CS7: =IF($CQ7=0,"",AX7) | CT7: =IF($CQ7=0,"",AY7) | CU7: =IF($CR7="","",IF($CR7="Aloe Vera Gel","Aloe Vera Gel "&$CT7&"g",CS7&" "&$CT7&"g")) | CV7: =IF($CQ7=0,"",IF($CP7=$CU7,"Repeat Exact",IF($CT7>$CO7,"Upsized",IF($CT7<$CO7,"Downsized",IF($CM7<>$CR7,"Lateral","Same Size Diff Variant"))))) | CW7: =IF($CQ7=0,"",AZ7-AQ7) | CX7: =IF($CQ7=0,0,IF(CS7=CN7,1,0)) | CY7: =IF($CQ7=0,0,IF(CR7=CM7,1,0)) | CZ7: =IF($A7="","",IF(AND(IF(DASHBOARD!$C$4="All",TRUE,$CM7=DASHBOARD!$C$4),IF(DASHBOARD!$C$6="All",TRUE,$CP7=DASHBOARD!$C$6),IF(DASHBOARD!$C$8="All",TRUE,$AF7>=DASHBOARD!$C$8),IF(DASHBOARD!$C$10="All",TRUE,$AF7<=DASHBOARD!$C$10),IF(DASHBOARD!$C$12="All",TRUE,$AH7=VALUE(DASHBOARD!$C$12)),IF(DASHBOARD!$C$14="All",TRUE,$AJ7=DASHBOARD!$C$14)),1,0))
A8: 28597 | B8: Active Gel, Face Malai | C8: Active Gel, Aloe Vera Gel | D8: Active Gel | E8: Active Gel | H8: Tomato Rosehip (Hot Dry) 20 - 35 Yrs Face Malai - 30g, Active Orange Kiwi Vit-C Gel | I8: Aloe Vera Gel - 40 gms, Active Beetroot Tomato Vit-A Gel | J8: Active Orange Kiwi Vit-C Gel | K8: Active Orange Kiwi Vit-C Gel | N8: FC-HDDM-TR-030, FC-AC-OK-050 | O8: FC-HG-PA-040, FC-AC-BT-050 | P8: FC-AC-OK-050 | Q8: FC-AC-OK-050 | T8: Feb 28, 2024 | U8: Jul 1, 2024 | V8: Nov 21, 2024 | W8: Mar 24, 2025 | Z8: 124 | AA8: 143 | AB8: 123 | AE8: New Delhi | AF8: 2024-02 | AG8: 2 | AH8: 4 | AI8: 1 | AJ8: =IF($AE8="","",IFERROR(VLOOKUP(TRIM($AE8),DECODE!$H$3:$I$60,2,FALSE),"Rest of India")) | AK8: =IF($N8="","",UPPER(TRIM(LEFT($N8&",",FIND(",",$N8&",")-1)))) | AL8: =IF($AK8="","",MID($AK8,4,FIND("~",SUBSTITUTE($AK8,"-","~",2))-4)) | AM8: =IF($AK8="","",MID($AK8,FIND("~",SUBSTITUTE($AK8,"-","~",2))+1,FIND("~",SUBSTITUTE($AK8,"-","~",3))-FIND("~",SUBSTITUTE($AK8,"-","~",2))-1)) | AN8: =IF($AL8="","",IFERROR(VLOOKUP($AL8,DECODE!$A$3:$C$8,3,FALSE),"?")) | AO8: =IF($AM8="","",IFERROR(VLOOKUP($AL8&"-"&$AM8,DECODE!$E$3:$F$21,2,FALSE),"?")) | AP8: =IF($AK8="","",IFERROR(VALUE(RIGHT($AK8,3)),"")) | AQ8: =IF($T8="","",IFERROR(IF(ISNUMBER($T8),$T8,DATEVALUE(TRIM($T8))),"")) | AR8: =IF($AQ8="","",IF(MONTH($AQ8)>=12,"Cold Winter",IF(MONTH($AQ8)>=10,"Post-Monsoon",IF(MONTH($AQ8)>=6,"Hot Humid",IF(MONTH($AQ8)>=3,"Hot Dry","Cold Winter"))))) | AS8: =IF($AL8="","",IFERROR(VLOOKUP($AL8,DECODE!$A$3:$C$8,2,FALSE),"?")) | AT8: =IF($O8="","",UPPER(TRIM(LEFT($O8&",",FIND(",",$O8&",")-1)))) | AU8: =IF($AT8="","",MID($AT8,4,FIND("~",SUBSTITUTE($AT8,"-","~",2))-4)) | AV8: =IF($AT8="","",MID($AT8,FIND("~",SUBSTITUTE($AT8,"-","~",2))+1,FIND("~",SUBSTITUTE($AT8,"-","~",3))-FIND("~",SUBSTITUTE($AT8,"-","~",2))-1)) | AW8: =IF($AU8="","",IFERROR(VLOOKUP($AU8,DECODE!$A$3:$C$8,3,FALSE),"?")) | AX8: =IF($AV8="","",IFERROR(VLOOKUP($AU8&"-"&$AV8,DECODE!$E$3:$F$21,2,FALSE),"?")) | AY8: =IF($AT8="","",IFERROR(VALUE(RIGHT($AT8,3)),"")) | AZ8: =IF($U8="","",IFERROR(IF(ISNUMBER($U8),$U8,DATEVALUE(TRIM($U8))),"")) | BA8: =IF($AZ8="","",IF(MONTH($AZ8)>=12,"Cold Winter",IF(MONTH($AZ8)>=10,"Post-Monsoon",IF(MONTH($AZ8)>=6,"Hot Humid",IF(MONTH($AZ8)>=3,"Hot Dry","Cold Winter"))))) | BB8: =IF($AU8="","",IFERROR(VLOOKUP($AU8,DECODE!$A$3:$C$8,2,FALSE),"?")) | BC8: =IF($P8="","",UPPER(TRIM(LEFT($P8&",",FIND(",",$P8&",")-1)))) | BD8: =IF($BC8="","",MID($BC8,4,FIND("~",SUBSTITUTE($BC8,"-","~",2))-4)) | BE8: =IF($BC8="","",MID($BC8,FIND("~",SUBSTITUTE($BC8,"-","~",2))+1,FIND("~",SUBSTITUTE($BC8,"-","~",3))-FIND("~",SUBSTITUTE($BC8,"-","~",2))-1)) | BF8: =IF($BD8="","",IFERROR(VLOOKUP($BD8,DECODE!$A$3:$C$8,3,FALSE),"?")) | BG8: =IF($BE8="","",IFERROR(VLOOKUP($BD8&"-"&$BE8,DECODE!$E$3:$F$21,2,FALSE),"?")) | BH8: =IF($BC8="","",IFERROR(VALUE(RIGHT($BC8,3)),"")) | BI8: =IF($V8="","",IFERROR(IF(ISNUMBER($V8),$V8,DATEVALUE(TRIM($V8))),"")) | BJ8: =IF($BI8="","",IF(MONTH($BI8)>=12,"Cold Winter",IF(MONTH($BI8)>=10,"Post-Monsoon",IF(MONTH($BI8)>=6,"Hot Humid",IF(MONTH($BI8)>=3,"Hot Dry","Cold Winter"))))) | BK8: =IF($BD8="","",IFERROR(VLOOKUP($BD8,DECODE!$A$3:$C$8,2,FALSE),"?")) | BL8: =IF($Q8="","",UPPER(TRIM(LEFT($Q8&",",FIND(",",$Q8&",")-1)))) | BM8: =IF($BL8="","",MID($BL8,4,FIND("~",SUBSTITUTE($BL8,"-","~",2))-4)) | BN8: =IF($BL8="","",MID($BL8,FIND("~",SUBSTITUTE($BL8,"-","~",2))+1,FIND("~",SUBSTITUTE($BL8,"-","~",3))-FIND("~",SUBSTITUTE($BL8,"-","~",2))-1)) | BO8: =IF($BM8="","",IFERROR(VLOOKUP($BM8,DECODE!$A$3:$C$8,3,FALSE),"?")) | BP8: =IF($BN8="","",IFERROR(VLOOKUP($BM8&"-"&$BN8,DECODE!$E$3:$F$21,2,FALSE),"?")) | BQ8: =IF($BL8="","",IFERROR(VALUE(RIGHT($BL8,3)),"")) | BR8: =IF($W8="","",IFERROR(IF(ISNUMBER($W8),$W8,DATEVALUE(TRIM($W8))),"")) | BS8: =IF($BR8="","",IF(MONTH($BR8)>=12,"Cold Winter",IF(MONTH($BR8)>=10,"Post-Monsoon",IF(MONTH($BR8)>=6,"Hot Humid",IF(MONTH($BR8)>=3,"Hot Dry","Cold Winter"))))) | BT8: =IF($BM8="","",IFERROR(VLOOKUP($BM8,DECODE!$A$3:$C$8,2,FALSE),"?")) | BU8: =IF($R8="","",UPPER(TRIM(LEFT($R8&",",FIND(",",$R8&",")-1)))) | BV8: =IF($BU8="","",MID($BU8,4,FIND("~",SUBSTITUTE($BU8,"-","~",2))-4)) | BW8: =IF($BU8="","",MID($BU8,FIND("~",SUBSTITUTE($BU8,"-","~",2))+1,FIND("~",SUBSTITUTE($BU8,"-","~",3))-FIND("~",SUBSTITUTE($BU8,"-","~",2))-1)) | BX8: =IF($BV8="","",IFERROR(VLOOKUP($BV8,DECODE!$A$3:$C$8,3,FALSE),"?")) | BY8: =IF($BW8="","",IFERROR(VLOOKUP($BV8&"-"&$BW8,DECODE!$E$3:$F$21,2,FALSE),"?")) | BZ8: =IF($BU8="","",IFERROR(VALUE(RIGHT($BU8,3)),"")) | CA8: =IF($X8="","",IFERROR(IF(ISNUMBER($X8),$X8,DATEVALUE(TRIM($X8))),"")) | CB8: =IF($CA8="","",IF(MONTH($CA8)>=12,"Cold Winter",IF(MONTH($CA8)>=10,"Post-Monsoon",IF(MONTH($CA8)>=6,"Hot Humid",IF(MONTH($CA8)>=3,"Hot Dry","Cold Winter"))))) | CC8: =IF($BV8="","",IFERROR(VLOOKUP($BV8,DECODE!$A$3:$C$8,2,FALSE),"?")) | CD8: =IF($S8="","",UPPER(TRIM(LEFT($S8&",",FIND(",",$S8&",")-1)))) | CE8: =IF($CD8="","",MID($CD8,4,FIND("~",SUBSTITUTE($CD8,"-","~",2))-4)) | CF8: =IF($CD8="","",MID($CD8,FIND("~",SUBSTITUTE($CD8,"-","~",2))+1,FIND("~",SUBSTITUTE($CD8,"-","~",3))-FIND("~",SUBSTITUTE($CD8,"-","~",2))-1)) | CG8: =IF($CE8="","",IFERROR(VLOOKUP($CE8,DECODE!$A$3:$C$8,3,FALSE),"?")) | CH8: =IF($CF8="","",IFERROR(VLOOKUP($CE8&"-"&$CF8,DECODE!$E$3:$F$21,2,FALSE),"?")) | CI8: =IF($CD8="","",IFERROR(VALUE(RIGHT($CD8,3)),"")) | CJ8: =IF($Y8="","",IFERROR(IF(ISNUMBER($Y8),$Y8,DATEVALUE(TRIM($Y8))),"")) | CK8: =IF($CJ8="","",IF(MONTH($CJ8)>=12,"Cold Winter",IF(MONTH($CJ8)>=10,"Post-Monsoon",IF(MONTH($CJ8)>=6,"Hot Humid",IF(MONTH($CJ8)>=3,"Hot Dry","Cold Winter"))))) | CL8: =IF($CE8="","",IFERROR(VLOOKUP($CE8,DECODE!$A$3:$C$8,2,FALSE),"?")) | CM8: =IF($AN8="","",AN8) | CN8: =IF($AO8="","",AO8) | CO8: =IF($AP8="","",AP8) | CP8: =IF($CM8="","",IF($CM8="Aloe Vera Gel","Aloe Vera Gel "&$CO8&"g",CN8&" "&$CO8&"g")) | CQ8: =IF($AT8="",0,1) | CR8: =IF($CQ8=0,"",AW8) | CS8: =IF($CQ8=0,"",AX8) | CT8: =IF($CQ8=0,"",AY8) | CU8: =IF($CR8="","",IF($CR8="Aloe Vera Gel","Aloe Vera Gel "&$CT8&"g",CS8&" "&$CT8&"g")) | CV8: =IF($CQ8=0,"",IF($CP8=$CU8,"Repeat Exact",IF($CT8>$CO8,"Upsized",IF($CT8<$CO8,"Downsized",IF($CM8<>$CR8,"Lateral","Same Size Diff Variant"))))) | CW8: =IF($CQ8=0,"",AZ8-AQ8) | CX8: =IF($CQ8=0,0,IF(CS8=CN8,1,0)) | CY8: =IF($CQ8=0,0,IF(CR8=CM8,1,0)) | CZ8: =IF($A8="","",IF(AND(IF(DASHBOARD!$C$4="All",TRUE,$CM8=DASHBOARD!$C$4),IF(DASHBOARD!$C$6="All",TRUE,$CP8=DASHBOARD!$C$6),IF(DASHBOARD!$C$8="All",TRUE,$AF8>=DASHBOARD!$C$8),IF(DASHBOARD!$C$10="All",TRUE,$AF8<=DASHBOARD!$C$10),IF(DASHBOARD!$C$12="All",TRUE,$AH8=VALUE(DASHBOARD!$C$12)),IF(DASHBOARD!$C$14="All",TRUE,$AJ8=DASHBOARD!$C$14)),1,0))
A9: 28670 | B9: Active Gel | H9: Active Orange Kiwi Vit-C Gel | N9: FC-AC-OK-050 | T9: Apr 25, 2026 | AE9: Gurgaon | AF9: 2026-04 | AG9: 4 | AH9: 1 | AI9: 0 | AJ9: =IF($AE9="","",IFERROR(VLOOKUP(TRIM($AE9),DECODE!$H$3:$I$60,2,FALSE),"Rest of India")) | AK9: =IF($N9="","",UPPER(TRIM(LEFT($N9&",",FIND(",",$N9&",")-1)))) | AL9: =IF($AK9="","",MID($AK9,4,FIND("~",SUBSTITUTE($AK9,"-","~",2))-4)) | AM9: =IF($AK9="","",MID($AK9,FIND("~",SUBSTITUTE($AK9,"-","~",2))+1,FIND("~",SUBSTITUTE($AK9,"-","~",3))-FIND("~",SUBSTITUTE($AK9,"-","~",2))-1)) | AN9: =IF($AL9="","",IFERROR(VLOOKUP($AL9,DECODE!$A$3:$C$8,3,FALSE),"?")) | AO9: =IF($AM9="","",IFERROR(VLOOKUP($AL9&"-"&$AM9,DECODE!$E$3:$F$21,2,FALSE),"?")) | AP9: =IF($AK9="","",IFERROR(VALUE(RIGHT($AK9,3)),"")) | AQ9: =IF($T9="","",IFERROR(IF(ISNUMBER($T9),$T9,DATEVALUE(TRIM($T9))),"")) | AR9: =IF($AQ9="","",IF(MONTH($AQ9)>=12,"Cold Winter",IF(MONTH($AQ9)>=10,"Post-Monsoon",IF(MONTH($AQ9)>=6,"Hot Humid",IF(MONTH($AQ9)>=3,"Hot Dry","Cold Winter"))))) | AS9: =IF($AL9="","",IFERROR(VLOOKUP($AL9,DECODE!$A$3:$C$8,2,FALSE),"?")) | AT9: =IF($O9="","",UPPER(TRIM(LEFT($O9&",",FIND(",",$O9&",")-1)))) | AU9: =IF($AT9="","",MID($AT9,4,FIND("~",SUBSTITUTE($AT9,"-","~",2))-4)) | AV9: =IF($AT9="","",MID($AT9,FIND("~",SUBSTITUTE($AT9,"-","~",2))+1,FIND("~",SUBSTITUTE($AT9,"-","~",3))-FIND("~",SUBSTITUTE($AT9,"-","~",2))-1)) | AW9: =IF($AU9="","",IFERROR(VLOOKUP($AU9,DECODE!$A$3:$C$8,3,FALSE),"?")) | AX9: =IF($AV9="","",IFERROR(VLOOKUP($AU9&"-"&$AV9,DECODE!$E$3:$F$21,2,FALSE),"?")) | AY9: =IF($AT9="","",IFERROR(VALUE(RIGHT($AT9,3)),"")) | AZ9: =IF($U9="","",IFERROR(IF(ISNUMBER($U9),$U9,DATEVALUE(TRIM($U9))),"")) | BA9: =IF($AZ9="","",IF(MONTH($AZ9)>=12,"Cold Winter",IF(MONTH($AZ9)>=10,"Post-Monsoon",IF(MONTH($AZ9)>=6,"Hot Humid",IF(MONTH($AZ9)>=3,"Hot Dry","Cold Winter"))))) | BB9: =IF($AU9="","",IFERROR(VLOOKUP($AU9,DECODE!$A$3:$C$8,2,FALSE),"?")) | BC9: =IF($P9="","",UPPER(TRIM(LEFT($P9&",",FIND(",",$P9&",")-1)))) | BD9: =IF($BC9="","",MID($BC9,4,FIND("~",SUBSTITUTE($BC9,"-","~",2))-4)) | BE9: =IF($BC9="","",MID($BC9,FIND("~",SUBSTITUTE($BC9,"-","~",2))+1,FIND("~",SUBSTITUTE($BC9,"-","~",3))-FIND("~",SUBSTITUTE($BC9,"-","~",2))-1)) | BF9: =IF($BD9="","",IFERROR(VLOOKUP($BD9,DECODE!$A$3:$C$8,3,FALSE),"?")) | BG9: =IF($BE9="","",IFERROR(VLOOKUP($BD9&"-"&$BE9,DECODE!$E$3:$F$21,2,FALSE),"?")) | BH9: =IF($BC9="","",IFERROR(VALUE(RIGHT($BC9,3)),"")) | BI9: =IF($V9="","",IFERROR(IF(ISNUMBER($V9),$V9,DATEVALUE(TRIM($V9))),"")) | BJ9: =IF($BI9="","",IF(MONTH($BI9)>=12,"Cold Winter",IF(MONTH($BI9)>=10,"Post-Monsoon",IF(MONTH($BI9)>=6,"Hot Humid",IF(MONTH($BI9)>=3,"Hot Dry","Cold Winter"))))) | BK9: =IF($BD9="","",IFERROR(VLOOKUP($BD9,DECODE!$A$3:$C$8,2,FALSE),"?")) | BL9: =IF($Q9="","",UPPER(TRIM(LEFT($Q9&",",FIND(",",$Q9&",")-1)))) | BM9: =IF($BL9="","",MID($BL9,4,FIND("~",SUBSTITUTE($BL9,"-","~",2))-4)) | BN9: =IF($BL9="","",MID($BL9,FIND("~",SUBSTITUTE($BL9,"-","~",2))+1,FIND("~",SUBSTITUTE($BL9,"-","~",3))-FIND("~",SUBSTITUTE($BL9,"-","~",2))-1)) | BO9: =IF($BM9="","",IFERROR(VLOOKUP($BM9,DECODE!$A$3:$C$8,3,FALSE),"?")) | BP9: =IF($BN9="","",IFERROR(VLOOKUP($BM9&"-"&$BN9,DECODE!$E$3:$F$21,2,FALSE),"?")) | BQ9: =IF($BL9="","",IFERROR(VALUE(RIGHT($BL9,3)),"")) | BR9: =IF($W9="","",IFERROR(IF(ISNUMBER($W9),$W9,DATEVALUE(TRIM($W9))),"")) | BS9: =IF($BR9="","",IF(MONTH($BR9)>=12,"Cold Winter",IF(MONTH($BR9)>=10,"Post-Monsoon",IF(MONTH($BR9)>=6,"Hot Humid",IF(MONTH($BR9)>=3,"Hot Dry","Cold Winter"))))) | BT9: =IF($BM9="","",IFERROR(VLOOKUP($BM9,DECODE!$A$3:$C$8,2,FALSE),"?")) | BU9: =IF($R9="","",UPPER(TRIM(LEFT($R9&",",FIND(",",$R9&",")-1)))) | BV9: =IF($BU9="","",MID($BU9,4,FIND("~",SUBSTITUTE($BU9,"-","~",2))-4)) | BW9: =IF($BU9="","",MID($BU9,FIND("~",SUBSTITUTE($BU9,"-","~",2))+1,FIND("~",SUBSTITUTE($BU9,"-","~",3))-FIND("~",SUBSTITUTE($BU9,"-","~",2))-1)) | BX9: =IF($BV9="","",IFERROR(VLOOKUP($BV9,DECODE!$A$3:$C$8,3,FALSE),"?")) | BY9: =IF($BW9="","",IFERROR(VLOOKUP($BV9&"-"&$BW9,DECODE!$E$3:$F$21,2,FALSE),"?")) | BZ9: =IF($BU9="","",IFERROR(VALUE(RIGHT($BU9,3)),"")) | CA9: =IF($X9="","",IFERROR(IF(ISNUMBER($X9),$X9,DATEVALUE(TRIM($X9))),"")) | CB9: =IF($CA9="","",IF(MONTH($CA9)>=12,"Cold Winter",IF(MONTH($CA9)>=10,"Post-Monsoon",IF(MONTH($CA9)>=6,"Hot Humid",IF(MONTH($CA9)>=3,"Hot Dry","Cold Winter"))))) | CC9: =IF($BV9="","",IFERROR(VLOOKUP($BV9,DECODE!$A$3:$C$8,2,FALSE),"?")) | CD9: =IF($S9="","",UPPER(TRIM(LEFT($S9&",",FIND(",",$S9&",")-1)))) | CE9: =IF($CD9="","",MID($CD9,4,FIND("~",SUBSTITUTE($CD9,"-","~",2))-4)) | CF9: =IF($CD9="","",MID($CD9,FIND("~",SUBSTITUTE($CD9,"-","~",2))+1,FIND("~",SUBSTITUTE($CD9,"-","~",3))-FIND("~",SUBSTITUTE($CD9,"-","~",2))-1)) | CG9: =IF($CE9="","",IFERROR(VLOOKUP($CE9,DECODE!$A$3:$C$8,3,FALSE),"?")) | CH9: =IF($CF9="","",IFERROR(VLOOKUP($CE9&"-"&$CF9,DECODE!$E$3:$F$21,2,FALSE),"?")) | CI9: =IF($CD9="","",IFERROR(VALUE(RIGHT($CD9,3)),"")) | CJ9: =IF($Y9="","",IFERROR(IF(ISNUMBER($Y9),$Y9,DATEVALUE(TRIM($Y9))),"")) | CK9: =IF($CJ9="","",IF(MONTH($CJ9)>=12,"Cold Winter",IF(MONTH($CJ9)>=10,"Post-Monsoon",IF(MONTH($CJ9)>=6,"Hot Humid",IF(MONTH($CJ9)>=3,"Hot Dry","Cold Winter"))))) | CL9: =IF($CE9="","",IFERROR(VLOOKUP($CE9,DECODE!$A$3:$C$8,2,FALSE),"?")) | CM9: =IF($AN9="","",AN9) | CN9: =IF($AO9="","",AO9) | CO9: =IF($AP9="","",AP9) | CP9: =IF($CM9="","",IF($CM9="Aloe Vera Gel","Aloe Vera Gel "&$CO9&"g",CN9&" "&$CO9&"g")) | CQ9: =IF($AT9="",0,1) | CR9: =IF($CQ9=0,"",AW9) | CS9: =IF($CQ9=0,"",AX9) | CT9: =IF($CQ9=0,"",AY9) | CU9: =IF($CR9="","",IF($CR9="Aloe Vera Gel","Aloe Vera Gel "&$CT9&"g",CS9&" "&$CT9&"g")) | CV9: =IF($CQ9=0,"",IF($CP9=$CU9,"Repeat Exact",IF($CT9>$CO9,"Upsized",IF($CT9<$CO9,"Downsized",IF($CM9<>$CR9,"Lateral","Same Size Diff Variant"))))) | CW9: =IF($CQ9=0,"",AZ9-AQ9) | CX9: =IF($CQ9=0,0,IF(CS9=CN9,1,0)) | CY9: =IF($CQ9=0,0,IF(CR9=CM9,1,0)) | CZ9: =IF($A9="","",IF(AND(IF(DASHBOARD!$C$4="All",TRUE,$CM9=DASHBOARD!$C$4),IF(DASHBOARD!$C$6="All",TRUE,$CP9=DASHBOARD!$C$6),IF(DASHBOARD!$C$8="All",TRUE,$AF9>=DASHBOARD!$C$8),IF(DASHBOARD!$C$10="All",TRUE,$AF9<=DASHBOARD!$C$10),IF(DASHBOARD!$C$12="All",TRUE,$AH9=VALUE(DASHBOARD!$C$12)),IF(DASHBOARD!$C$14="All",TRUE,$AJ9=DASHBOARD!$C$14)),1,0))
A10: 29105 | B10: Face Malai | H10: Flax Bakuchi (Hot Dry) 35+ Face Malai - 30g | N10: FC-HDDM-FB-030 | T10: Sep 1, 2024 | AE10: Gurgaon | AF10: 2024-09 | AG10: 9 | AH10: 1 | AI10: 0 | AJ10: =IF($AE10="","",IFERROR(VLOOKUP(TRIM($AE10),DECODE!$H$3:$I$60,2,FALSE),"Rest of India")) | AK10: =IF($N10="","",UPPER(TRIM(LEFT($N10&",",FIND(",",$N10&",")-1)))) | AL10: =IF($AK10="","",MID($AK10,4,FIND("~",SUBSTITUTE($AK10,"-","~",2))-4)) | AM10: =IF($AK10="","",MID($AK10,FIND("~",SUBSTITUTE($AK10,"-","~",2))+1,FIND("~",SUBSTITUTE($AK10,"-","~",3))-FIND("~",SUBSTITUTE($AK10,"-","~",2))-1)) | AN10: =IF($AL10="","",IFERROR(VLOOKUP($AL10,DECODE!$A$3:$C$8,3,FALSE),"?")) | AO10: =IF($AM10="","",IFERROR(VLOOKUP($AL10&"-"&$AM10,DECODE!$E$3:$F$21,2,FALSE),"?")) | AP10: =IF($AK10="","",IFERROR(VALUE(RIGHT($AK10,3)),"")) | AQ10: =IF($T10="","",IFERROR(IF(ISNUMBER($T10),$T10,DATEVALUE(TRIM($T10))),"")) | AR10: =IF($AQ10="","",IF(MONTH($AQ10)>=12,"Cold Winter",IF(MONTH($AQ10)>=10,"Post-Monsoon",IF(MONTH($AQ10)>=6,"Hot Humid",IF(MONTH($AQ10)>=3,"Hot Dry","Cold Winter"))))) | AS10: =IF($AL10="","",IFERROR(VLOOKUP($AL10,DECODE!$A$3:$C$8,2,FALSE),"?")) | AT10: =IF($O10="","",UPPER(TRIM(LEFT($O10&",",FIND(",",$O10&",")-1)))) | AU10: =IF($AT10="","",MID($AT10,4,FIND("~",SUBSTITUTE($AT10,"-","~",2))-4)) | AV10: =IF($AT10="","",MID($AT10,FIND("~",SUBSTITUTE($AT10,"-","~",2))+1,FIND("~",SUBSTITUTE($AT10,"-","~",3))-FIND("~",SUBSTITUTE($AT10,"-","~",2))-1)) | AW10: =IF($AU10="","",IFERROR(VLOOKUP($AU10,DECODE!$A$3:$C$8,3,FALSE),"?")) | AX10: =IF($AV10="","",IFERROR(VLOOKUP($AU10&"-"&$AV10,DECODE!$E$3:$F$21,2,FALSE),"?")) | AY10: =IF($AT10="","",IFERROR(VALUE(RIGHT($AT10,3)),"")) | AZ10: =IF($U10="","",IFERROR(IF(ISNUMBER($U10),$U10,DATEVALUE(TRIM($U10))),"")) | BA10: =IF($AZ10="","",IF(MONTH($AZ10)>=12,"Cold Winter",IF(MONTH($AZ10)>=10,"Post-Monsoon",IF(MONTH($AZ10)>=6,"Hot Humid",IF(MONTH($AZ10)>=3,"Hot Dry","Cold Winter"))))) | BB10: =IF($AU10="","",IFERROR(VLOOKUP($AU10,DECODE!$A$3:$C$8,2,FALSE),"?")) | BC10: =IF($P10="","",UPPER(TRIM(LEFT($P10&",",FIND(",",$P10&",")-1)))) | BD10: =IF($BC10="","",MID($BC10,4,FIND("~",SUBSTITUTE($BC10,"-","~",2))-4)) | BE10: =IF($BC10="","",MID($BC10,FIND("~",SUBSTITUTE($BC10,"-","~",2))+1,FIND("~",SUBSTITUTE($BC10,"-","~",3))-FIND("~",SUBSTITUTE($BC10,"-","~",2))-1)) | BF10: =IF($BD10="","",IFERROR(VLOOKUP($BD10,DECODE!$A$3:$C$8,3,FALSE),"?")) | BG10: =IF($BE10="","",IFERROR(VLOOKUP($BD10&"-"&$BE10,DECODE!$E$3:$F$21,2,FALSE),"?")) | BH10: =IF($BC10="","",IFERROR(VALUE(RIGHT($BC10,3)),"")) | BI10: =IF($V10="","",IFERROR(IF(ISNUMBER($V10),$V10,DATEVALUE(TRIM($V10))),"")) | BJ10: =IF($BI10="","",IF(MONTH($BI10)>=12,"Cold Winter",IF(MONTH($BI10)>=10,"Post-Monsoon",IF(MONTH($BI10)>=6,"Hot Humid",IF(MONTH($BI10)>=3,"Hot Dry","Cold Winter"))))) | BK10: =IF($BD10="","",IFERROR(VLOOKUP($BD10,DECODE!$A$3:$C$8,2,FALSE),"?")) | BL10: =IF($Q10="","",UPPER(TRIM(LEFT($Q10&",",FIND(",",$Q10&",")-1)))) | BM10: =IF($BL10="","",MID($BL10,4,FIND("~",SUBSTITUTE($BL10,"-","~",2))-4)) | BN10: =IF($BL10="","",MID($BL10,FIND("~",SUBSTITUTE($BL10,"-","~",2))+1,FIND("~",SUBSTITUTE($BL10,"-","~",3))-FIND("~",SUBSTITUTE($BL10,"-","~",2))-1)) | BO10: =IF($BM10="","",IFERROR(VLOOKUP($BM10,DECODE!$A$3:$C$8,3,FALSE),"?")) | BP10: =IF($BN10="","",IFERROR(VLOOKUP($BM10&"-"&$BN10,DECODE!$E$3:$F$21,2,FALSE),"?")) | BQ10: =IF($BL10="","",IFERROR(VALUE(RIGHT($BL10,3)),"")) | BR10: =IF($W10="","",IFERROR(IF(ISNUMBER($W10),$W10,DATEVALUE(TRIM($W10))),"")) | BS10: =IF($BR10="","",IF(MONTH($BR10)>=12,"Cold Winter",IF(MONTH($BR10)>=10,"Post-Monsoon",IF(MONTH($BR10)>=6,"Hot Humid",IF(MONTH($BR10)>=3,"Hot Dry","Cold Winter"))))) | BT10: =IF($BM10="","",IFERROR(VLOOKUP($BM10,DECODE!$A$3:$C$8,2,FALSE),"?")) | BU10: =IF($R10="","",UPPER(TRIM(LEFT($R10&",",FIND(",",$R10&",")-1)))) | BV10: =IF($BU10="","",MID($BU10,4,FIND("~",SUBSTITUTE($BU10,"-","~",2))-4)) | BW10: =IF($BU10="","",MID($BU10,FIND("~",SUBSTITUTE($BU10,"-","~",2))+1,FIND("~",SUBSTITUTE($BU10,"-","~",3))-FIND("~",SUBSTITUTE($BU10,"-","~",2))-1)) | BX10: =IF($BV10="","",IFERROR(VLOOKUP($BV10,DECODE!$A$3:$C$8,3,FALSE),"?")) | BY10: =IF($BW10="","",IFERROR(VLOOKUP($BV10&"-"&$BW10,DECODE!$E$3:$F$21,2,FALSE),"?")) | BZ10: =IF($BU10="","",IFERROR(VALUE(RIGHT($BU10,3)),"")) | CA10: =IF($X10="","",IFERROR(IF(ISNUMBER($X10),$X10,DATEVALUE(TRIM($X10))),"")) | CB10: =IF($CA10="","",IF(MONTH($CA10)>=12,"Cold Winter",IF(MONTH($CA10)>=10,"Post-Monsoon",IF(MONTH($CA10)>=6,"Hot Humid",IF(MONTH($CA10)>=3,"Hot Dry","Cold Winter"))))) | CC10: =IF($BV10="","",IFERROR(VLOOKUP($BV10,DECODE!$A$3:$C$8,2,FALSE),"?")) | CD10: =IF($S10="","",UPPER(TRIM(LEFT($S10&",",FIND(",",$S10&",")-1)))) | CE10: =IF($CD10="","",MID($CD10,4,FIND("~",SUBSTITUTE($CD10,"-","~",2))-4)) | CF10: =IF($CD10="","",MID($CD10,FIND("~",SUBSTITUTE($CD10,"-","~",2))+1,FIND("~",SUBSTITUTE($CD10,"-","~",3))-FIND("~",SUBSTITUTE($CD10,"-","~",2))-1)) | CG10: =IF($CE10="","",IFERROR(VLOOKUP($CE10,DECODE!$A$3:$C$8,3,FALSE),"?")) | CH10: =IF($CF10="","",IFERROR(VLOOKUP($CE10&"-"&$CF10,DECODE!$E$3:$F$21,2,FALSE),"?")) | CI10: =IF($CD10="","",IFERROR(VALUE(RIGHT($CD10,3)),"")) | CJ10: =IF($Y10="","",IFERROR(IF(ISNUMBER($Y10),$Y10,DATEVALUE(TRIM($Y10))),"")) | CK10: =IF($CJ10="","",IF(MONTH($CJ10)>=12,"Cold Winter",IF(MONTH($CJ10)>=10,"Post-Monsoon",IF(MONTH($CJ10)>=6,"Hot Humid",IF(MONTH($CJ10)>=3,"Hot Dry","Cold Winter"))))) | CL10: =IF($CE10="","",IFERROR(VLOOKUP($CE10,DECODE!$A$3:$C$8,2,FALSE),"?")) | CM10: =IF($AN10="","",AN10) | CN10: =IF($AO10="","",AO10) | CO10: =IF($AP10="","",AP10) | CP10: =IF($CM10="","",IF($CM10="Aloe Vera Gel","Aloe Vera Gel "&$CO10&"g",CN10&" "&$CO10&"g")) | CQ10: =IF($AT10="",0,1) | CR10: =IF($CQ10=0,"",AW10) | CS10: =IF($CQ10=0,"",AX10) | CT10: =IF($CQ10=0,"",AY10) | CU10: =IF($CR10="","",IF($CR10="Aloe Vera Gel","Aloe Vera Gel "&$CT10&"g",CS10&" "&$CT10&"g")) | CV10: =IF($CQ10=0,"",IF($CP10=$CU10,"Repeat Exact",IF($CT10>$CO10,"Upsized",IF($CT10<$CO10,"Downsized",IF($CM10<>$CR10,"Lateral","Same Size Diff Variant"))))) | CW10: =IF($CQ10=0,"",AZ10-AQ10) | CX10: =IF($CQ10=0,0,IF(CS10=CN10,1,0)) | CY10: =IF($CQ10=0,0,IF(CR10=CM10,1,0)) | CZ10: =IF($A10="","",IF(AND(IF(DASHBOARD!$C$4="All",TRUE,$CM10=DASHBOARD!$C$4),IF(DASHBOARD!$C$6="All",TRUE,$CP10=DASHBOARD!$C$6),IF(DASHBOARD!$C$8="All",TRUE,$AF10>=DASHBOARD!$C$8),IF(DASHBOARD!$C$10="All",TRUE,$AF10<=DASHBOARD!$C$10),IF(DASHBOARD!$C$12="All",TRUE,$AH10=VALUE(DASHBOARD!$C$12)),IF(DASHBOARD!$C$14="All",TRUE,$AJ10=DASHBOARD!$C$14)),1,0))
A11: 29346 | B11: Face Malai | H11: Cocoa Mogra (Overnight) Face Malai - 30g, Flax Bakuchi (Hot Dry) 35+ Face Malai - 30g | N11: FC-HDDM-FB-030, FC-DM-NR-030 | T11: Apr 22, 2024 | AE11: New Delhi | AF11: 2024-04 | AG11: 4 | AH11: 1 | AI11: 0 | AJ11: =IF($AE11="","",IFERROR(VLOOKUP(TRIM($AE11),DECODE!$H$3:$I$60,2,FALSE),"Rest of India")) | AK11: =IF($N11="","",UPPER(TRIM(LEFT($N11&",",FIND(",",$N11&",")-1)))) | AL11: =IF($AK11="","",MID($AK11,4,FIND("~",SUBSTITUTE($AK11,"-","~",2))-4)) | AM11: =IF($AK11="","",MID($AK11,FIND("~",SUBSTITUTE($AK11,"-","~",2))+1,FIND("~",SUBSTITUTE($AK11,"-","~",3))-FIND("~",SUBSTITUTE($AK11,"-","~",2))-1)) | AN11: =IF($AL11="","",IFERROR(VLOOKUP($AL11,DECODE!$A$3:$C$8,3,FALSE),"?")) | AO11: =IF($AM11="","",IFERROR(VLOOKUP($AL11&"-"&$AM11,DECODE!$E$3:$F$21,2,FALSE),"?")) | AP11: =IF($AK11="","",IFERROR(VALUE(RIGHT($AK11,3)),"")) | AQ11: =IF($T11="","",IFERROR(IF(ISNUMBER($T11),$T11,DATEVALUE(TRIM($T11))),"")) | AR11: =IF($AQ11="","",IF(MONTH($AQ11)>=12,"Cold Winter",IF(MONTH($AQ11)>=10,"Post-Monsoon",IF(MONTH($AQ11)>=6,"Hot Humid",IF(MONTH($AQ11)>=3,"Hot Dry","Cold Winter"))))) | AS11: =IF($AL11="","",IFERROR(VLOOKUP($AL11,DECODE!$A$3:$C$8,2,FALSE),"?")) | AT11: =IF($O11="","",UPPER(TRIM(LEFT($O11&",",FIND(",",$O11&",")-1)))) | AU11: =IF($AT11="","",MID($AT11,4,FIND("~",SUBSTITUTE($AT11,"-","~",2))-4)) | AV11: =IF($AT11="","",MID($AT11,FIND("~",SUBSTITUTE($AT11,"-","~",2))+1,FIND("~",SUBSTITUTE($AT11,"-","~",3))-FIND("~",SUBSTITUTE($AT11,"-","~",2))-1)) | AW11: =IF($AU11="","",IFERROR(VLOOKUP($AU11,DECODE!$A$3:$C$8,3,FALSE),"?")) | AX11: =IF($AV11="","",IFERROR(VLOOKUP($AU11&"-"&$AV11,DECODE!$E$3:$F$21,2,FALSE),"?")) | AY11: =IF($AT11="","",IFERROR(VALUE(RIGHT($AT11,3)),"")) | AZ11: =IF($U11="","",IFERROR(IF(ISNUMBER($U11),$U11,DATEVALUE(TRIM($U11))),"")) | BA11: =IF($AZ11="","",IF(MONTH($AZ11)>=12,"Cold Winter",IF(MONTH($AZ11)>=10,"Post-Monsoon",IF(MONTH($AZ11)>=6,"Hot Humid",IF(MONTH($AZ11)>=3,"Hot Dry","Cold Winter"))))) | BB11: =IF($AU11="","",IFERROR(VLOOKUP($AU11,DECODE!$A$3:$C$8,2,FALSE),"?")) | BC11: =IF($P11="","",UPPER(TRIM(LEFT($P11&",",FIND(",",$P11&",")-1)))) | BD11: =IF($BC11="","",MID($BC11,4,FIND("~",SUBSTITUTE($BC11,"-","~",2))-4)) | BE11: =IF($BC11="","",MID($BC11,FIND("~",SUBSTITUTE($BC11,"-","~",2))+1,FIND("~",SUBSTITUTE($BC11,"-","~",3))-FIND("~",SUBSTITUTE($BC11,"-","~",2))-1)) | BF11: =IF($BD11="","",IFERROR(VLOOKUP($BD11,DECODE!$A$3:$C$8,3,FALSE),"?")) | BG11: =IF($BE11="","",IFERROR(VLOOKUP($BD11&"-"&$BE11,DECODE!$E$3:$F$21,2,FALSE),"?")) | BH11: =IF($BC11="","",IFERROR(VALUE(RIGHT($BC11,3)),"")) | BI11: =IF($V11="","",IFERROR(IF(ISNUMBER($V11),$V11,DATEVALUE(TRIM($V11))),"")) | BJ11: =IF($BI11="","",IF(MONTH($BI11)>=12,"Cold Winter",IF(MONTH($BI11)>=10,"Post-Monsoon",IF(MONTH($BI11)>=6,"Hot Humid",IF(MONTH($BI11)>=3,"Hot Dry","Cold Winter"))))) | BK11: =IF($BD11="","",IFERROR(VLOOKUP($BD11,DECODE!$A$3:$C$8,2,FALSE),"?")) | BL11: =IF($Q11="","",UPPER(TRIM(LEFT($Q11&",",FIND(",",$Q11&",")-1)))) | BM11: =IF($BL11="","",MID($BL11,4,FIND("~",SUBSTITUTE($BL11,"-","~",2))-4)) | BN11: =IF($BL11="","",MID($BL11,FIND("~",SUBSTITUTE($BL11,"-","~",2))+1,FIND("~",SUBSTITUTE($BL11,"-","~",3))-FIND("~",SUBSTITUTE($BL11,"-","~",2))-1)) | BO11: =IF($BM11="","",IFERROR(VLOOKUP($BM11,DECODE!$A$3:$C$8,3,FALSE),"?")) | BP11: =IF($BN11="","",IFERROR(VLOOKUP($BM11&"-"&$BN11,DECODE!$E$3:$F$21,2,FALSE),"?")) | BQ11: =IF($BL11="","",IFERROR(VALUE(RIGHT($BL11,3)),"")) | BR11: =IF($W11="","",IFERROR(IF(ISNUMBER($W11),$W11,DATEVALUE(TRIM($W11))),"")) | BS11: =IF($BR11="","",IF(MONTH($BR11)>=12,"Cold Winter",IF(MONTH($BR11)>=10,"Post-Monsoon",IF(MONTH($BR11)>=6,"Hot Humid",IF(MONTH($BR11)>=3,"Hot Dry","Cold Winter"))))) | BT11: =IF($BM11="","",IFERROR(VLOOKUP($BM11,DECODE!$A$3:$C$8,2,FALSE),"?")) | BU11: =IF($R11="","",UPPER(TRIM(LEFT($R11&",",FIND(",",$R11&",")-1)))) | BV11: =IF($BU11="","",MID($BU11,4,FIND("~",SUBSTITUTE($BU11,"-","~",2))-4)) | BW11: =IF($BU11="","",MID($BU11,FIND("~",SUBSTITUTE($BU11,"-","~",2))+1,FIND("~",SUBSTITUTE($BU11,"-","~",3))-FIND("~",SUBSTITUTE($BU11,"-","~",2))-1)) | BX11: =IF($BV11="","",IFERROR(VLOOKUP($BV11,DECODE!$A$3:$C$8,3,FALSE),"?")) | BY11: =IF($BW11="","",IFERROR(VLOOKUP($BV11&"-"&$BW11,DECODE!$E$3:$F$21,2,FALSE),"?")) | BZ11: =IF($BU11="","",IFERROR(VALUE(RIGHT($BU11,3)),"")) | CA11: =IF($X11="","",IFERROR(IF(ISNUMBER($X11),$X11,DATEVALUE(TRIM($X11))),"")) | CB11: =IF($CA11="","",IF(MONTH($CA11)>=12,"Cold Winter",IF(MONTH($CA11)>=10,"Post-Monsoon",IF(MONTH($CA11)>=6,"Hot Humid",IF(MONTH($CA11)>=3,"Hot Dry","Cold Winter"))))) | CC11: =IF($BV11="","",IFERROR(VLOOKUP($BV11,DECODE!$A$3:$C$8,2,FALSE),"?")) | CD11: =IF($S11="","",UPPER(TRIM(LEFT($S11&",",FIND(",",$S11&",")-1)))) | CE11: =IF($CD11="","",MID($CD11,4,FIND("~",SUBSTITUTE($CD11,"-","~",2))-4)) | CF11: =IF($CD11="","",MID($CD11,FIND("~",SUBSTITUTE($CD11,"-","~",2))+1,FIND("~",SUBSTITUTE($CD11,"-","~",3))-FIND("~",SUBSTITUTE($CD11,"-","~",2))-1)) | CG11: =IF($CE11="","",IFERROR(VLOOKUP($CE11,DECODE!$A$3:$C$8,3,FALSE),"?")) | CH11: =IF($CF11="","",IFERROR(VLOOKUP($CE11&"-"&$CF11,DECODE!$E$3:$F$21,2,FALSE),"?")) | CI11: =IF($CD11="","",IFERROR(VALUE(RIGHT($CD11,3)),"")) | CJ11: =IF($Y11="","",IFERROR(IF(ISNUMBER($Y11),$Y11,DATEVALUE(TRIM($Y11))),"")) | CK11: =IF($CJ11="","",IF(MONTH($CJ11)>=12,"Cold Winter",IF(MONTH($CJ11)>=10,"Post-Monsoon",IF(MONTH($CJ11)>=6,"Hot Humid",IF(MONTH($CJ11)>=3,"Hot Dry","Cold Winter"))))) | CL11: =IF($CE11="","",IFERROR(VLOOKUP($CE11,DECODE!$A$3:$C$8,2,FALSE),"?")) | CM11: =IF($AN11="","",AN11) | CN11: =IF($AO11="","",AO11) | CO11: =IF($AP11="","",AP11) | CP11: =IF($CM11="","",IF($CM11="Aloe Vera Gel","Aloe Vera Gel "&$CO11&"g",CN11&" "&$CO11&"g")) | CQ11: =IF($AT11="",0,1) | CR11: =IF($CQ11=0,"",AW11) | CS11: =IF($CQ11=0,"",AX11) | CT11: =IF($CQ11=0,"",AY11) | CU11: =IF($CR11="","",IF($CR11="Aloe Vera Gel","Aloe Vera Gel "&$CT11&"g",CS11&" "&$CT11&"g")) | CV11: =IF($CQ11=0,"",IF($CP11=$CU11,"Repeat Exact",IF($CT11>$CO11,"Upsized",IF($CT11<$CO11,"Downsized",IF($CM11<>$CR11,"Lateral","Same Size Diff Variant"))))) | CW11: =IF($CQ11=0,"",AZ11-AQ11) | CX11: =IF($CQ11=0,0,IF(CS11=CN11,1,0)) | CY11: =IF($CQ11=0,0,IF(CR11=CM11,1,0)) | CZ11: =IF($A11="","",IF(AND(IF(DASHBOARD!$C$4="All",TRUE,$CM11=DASHBOARD!$C$4),IF(DASHBOARD!$C$6="All",TRUE,$CP11=DASHBOARD!$C$6),IF(DASHBOARD!$C$8="All",TRUE,$AF11>=DASHBOARD!$C$8),IF(DASHBOARD!$C$10="All",TRUE,$AF11<=DASHBOARD!$C$10),IF(DASHBOARD!$C$12="All",TRUE,$AH11=VALUE(DASHBOARD!$C$12)),IF(DASHBOARD!$C$14="All",TRUE,$AJ11=DASHBOARD!$C$14)),1,0))
A12: 29379 | B12: Face Malai | H12: Flax Walnut (Cold) 35+ Face Malai | N12: FC-CWDM-FW-030 | T12: Jan 4, 2024 | AE12: New Delhi | AF12: 2024-01 | AG12: 1 | AH12: 1 | AI12: 0 | AJ12: =IF($AE12="","",IFERROR(VLOOKUP(TRIM($AE12),DECODE!$H$3:$I$60,2,FALSE),"Rest of India")) | AK12: =IF($N12="","",UPPER(TRIM(LEFT($N12&",",FIND(",",$N12&",")-1)))) | AL12: =IF($AK12="","",MID($AK12,4,FIND("~",SUBSTITUTE($AK12,"-","~",2))-4)) | AM12: =IF($AK12="","",MID($AK12,FIND("~",SUBSTITUTE($AK12,"-","~",2))+1,FIND("~",SUBSTITUTE($AK12,"-","~",3))-FIND("~",SUBSTITUTE($AK12,"-","~",2))-1)) | AN12: =IF($AL12="","",IFERROR(VLOOKUP($AL12,DECODE!$A$3:$C$8,3,FALSE),"?")) | AO12: =IF($AM12="","",IFERROR(VLOOKUP($AL12&"-"&$AM12,DECODE!$E$3:$F$21,2,FALSE),"?")) | AP12: =IF($AK12="","",IFERROR(VALUE(RIGHT($AK12,3)),"")) | AQ12: =IF($T12="","",IFERROR(IF(ISNUMBER($T12),$T12,DATEVALUE(TRIM($T12))),"")) | AR12: =IF($AQ12="","",IF(MONTH($AQ12)>=12,"Cold Winter",IF(MONTH($AQ12)>=10,"Post-Monsoon",IF(MONTH($AQ12)>=6,"Hot Humid",IF(MONTH($AQ12)>=3,"Hot Dry","Cold Winter"))))) | AS12: =IF($AL12="","",IFERROR(VLOOKUP($AL12,DECODE!$A$3:$C$8,2,FALSE),"?")) | AT12: =IF($O12="","",UPPER(TRIM(LEFT($O12&",",FIND(",",$O12&",")-1)))) | AU12: =IF($AT12="","",MID($AT12,4,FIND("~",SUBSTITUTE($AT12,"-","~",2))-4)) | AV12: =IF($AT12="","",MID($AT12,FIND("~",SUBSTITUTE($AT12,"-","~",2))+1,FIND("~",SUBSTITUTE($AT12,"-","~",3))-FIND("~",SUBSTITUTE($AT12,"-","~",2))-1)) | AW12: =IF($AU12="","",IFERROR(VLOOKUP($AU12,DECODE!$A$3:$C$8,3,FALSE),"?")) | AX12: =IF($AV12="","",IFERROR(VLOOKUP($AU12&"-"&$AV12,DECODE!$E$3:$F$21,2,FALSE),"?")) | AY12: =IF($AT12="","",IFERROR(VALUE(RIGHT($AT12,3)),"")) | AZ12: =IF($U12="","",IFERROR(IF(ISNUMBER($U12),$U12,DATEVALUE(TRIM($U12))),"")) | BA12: =IF($AZ12="","",IF(MONTH($AZ12)>=12,"Cold Winter",IF(MONTH($AZ12)>=10,"Post-Monsoon",IF(MONTH($AZ12)>=6,"Hot Humid",IF(MONTH($AZ12)>=3,"Hot Dry","Cold Winter"))))) | BB12: =IF($AU12="","",IFERROR(VLOOKUP($AU12,DECODE!$A$3:$C$8,2,FALSE),"?")) | BC12: =IF($P12="","",UPPER(TRIM(LEFT($P12&",",FIND(",",$P12&",")-1)))) | BD12: =IF($BC12="","",MID($BC12,4,FIND("~",SUBSTITUTE($BC12,"-","~",2))-4)) | BE12: =IF($BC12="","",MID($BC12,FIND("~",SUBSTITUTE($BC12,"-","~",2))+1,FIND("~",SUBSTITUTE($BC12,"-","~",3))-FIND("~",SUBSTITUTE($BC12,"-","~",2))-1)) | BF12: =IF($BD12="","",IFERROR(VLOOKUP($BD12,DECODE!$A$3:$C$8,3,FALSE),"?")) | BG12: =IF($BE12="","",IFERROR(VLOOKUP($BD12&"-"&$BE12,DECODE!$E$3:$F$21,2,FALSE),"?")) | BH12: =IF($BC12="","",IFERROR(VALUE(RIGHT($BC12,3)),"")) | BI12: =IF($V12="","",IFERROR(IF(ISNUMBER($V12),$V12,DATEVALUE(TRIM($V12))),"")) | BJ12: =IF($BI12="","",IF(MONTH($BI12)>=12,"Cold Winter",IF(MONTH($BI12)>=10,"Post-Monsoon",IF(MONTH($BI12)>=6,"Hot Humid",IF(MONTH($BI12)>=3,"Hot Dry","Cold Winter"))))) | BK12: =IF($BD12="","",IFERROR(VLOOKUP($BD12,DECODE!$A$3:$C$8,2,FALSE),"?")) | BL12: =IF($Q12="","",UPPER(TRIM(LEFT($Q12&",",FIND(",",$Q12&",")-1)))) | BM12: =IF($BL12="","",MID($BL12,4,FIND("~",SUBSTITUTE($BL12,"-","~",2))-4)) | BN12: =IF($BL12="","",MID($BL12,FIND("~",SUBSTITUTE($BL12,"-","~",2))+1,FIND("~",SUBSTITUTE($BL12,"-","~",3))-FIND("~",SUBSTITUTE($BL12,"-","~",2))-1)) | BO12: =IF($BM12="","",IFERROR(VLOOKUP($BM12,DECODE!$A$3:$C$8,3,FALSE),"?")) | BP12: =IF($BN12="","",IFERROR(VLOOKUP($BM12&"-"&$BN12,DECODE!$E$3:$F$21,2,FALSE),"?")) | BQ12: =IF($BL12="","",IFERROR(VALUE(RIGHT($BL12,3)),"")) | BR12: =IF($W12="","",IFERROR(IF(ISNUMBER($W12),$W12,DATEVALUE(TRIM($W12))),"")) | BS12: =IF($BR12="","",IF(MONTH($BR12)>=12,"Cold Winter",IF(MONTH($BR12)>=10,"Post-Monsoon",IF(MONTH($BR12)>=6,"Hot Humid",IF(MONTH($BR12)>=3,"Hot Dry","Cold Winter"))))) | BT12: =IF($BM12="","",IFERROR(VLOOKUP($BM12,DECODE!$A$3:$C$8,2,FALSE),"?")) | BU12: =IF($R12="","",UPPER(TRIM(LEFT($R12&",",FIND(",",$R12&",")-1)))) | BV12: =IF($BU12="","",MID($BU12,4,FIND("~",SUBSTITUTE($BU12,"-","~",2))-4)) | BW12: =IF($BU12="","",MID($BU12,FIND("~",SUBSTITUTE($BU12,"-","~",2))+1,FIND("~",SUBSTITUTE($BU12,"-","~",3))-FIND("~",SUBSTITUTE($BU12,"-","~",2))-1)) | BX12: =IF($BV12="","",IFERROR(VLOOKUP($BV12,DECODE!$A$3:$C$8,3,FALSE),"?")) | BY12: =IF($BW12="","",IFERROR(VLOOKUP($BV12&"-"&$BW12,DECODE!$E$3:$F$21,2,FALSE),"?")) | BZ12: =IF($BU12="","",IFERROR(VALUE(RIGHT($BU12,3)),"")) | CA12: =IF($X12="","",IFERROR(IF(ISNUMBER($X12),$X12,DATEVALUE(TRIM($X12))),"")) | CB12: =IF($CA12="","",IF(MONTH($CA12)>=12,"Cold Winter",IF(MONTH($CA12)>=10,"Post-Monsoon",IF(MONTH($CA12)>=6,"Hot Humid",IF(MONTH($CA12)>=3,"Hot Dry","Cold Winter"))))) | CC12: =IF($BV12="","",IFERROR(VLOOKUP($BV12,DECODE!$A$3:$C$8,2,FALSE),"?")) | CD12: =IF($S12="","",UPPER(TRIM(LEFT($S12&",",FIND(",",$S12&",")-1)))) | CE12: =IF($CD12="","",MID($CD12,4,FIND("~",SUBSTITUTE($CD12,"-","~",2))-4)) | CF12: =IF($CD12="","",MID($CD12,FIND("~",SUBSTITUTE($CD12,"-","~",2))+1,FIND("~",SUBSTITUTE($CD12,"-","~",3))-FIND("~",SUBSTITUTE($CD12,"-","~",2))-1)) | CG12: =IF($CE12="","",IFERROR(VLOOKUP($CE12,DECODE!$A$3:$C$8,3,FALSE),"?")) | CH12: =IF($CF12="","",IFERROR(VLOOKUP($CE12&"-"&$CF12,DECODE!$E$3:$F$21,2,FALSE),"?")) | CI12: =IF($CD12="","",IFERROR(VALUE(RIGHT($CD12,3)),"")) | CJ12: =IF($Y12="","",IFERROR(IF(ISNUMBER($Y12),$Y12,DATEVALUE(TRIM($Y12))),"")) | CK12: =IF($CJ12="","",IF(MONTH($CJ12)>=12,"Cold Winter",IF(MONTH($CJ12)>=10,"Post-Monsoon",IF(MONTH($CJ12)>=6,"Hot Humid",IF(MONTH($CJ12)>=3,"Hot Dry","Cold Winter"))))) | CL12: =IF($CE12="","",IFERROR(VLOOKUP($CE12,DECODE!$A$3:$C$8,2,FALSE),"?")) | CM12: =IF($AN12="","",AN12) | CN12: =IF($AO12="","",AO12) | CO12: =IF($AP12="","",AP12) | CP12: =IF($CM12="","",IF($CM12="Aloe Vera Gel","Aloe Vera Gel "&$CO12&"g",CN12&" "&$CO12&"g")) | CQ12: =IF($AT12="",0,1) | CR12: =IF($CQ12=0,"",AW12) | CS12: =IF($CQ12=0,"",AX12) | CT12: =IF($CQ12=0,"",AY12) | CU12: =IF($CR12="","",IF($CR12="Aloe Vera Gel","Aloe Vera Gel "&$CT12&"g",CS12&" "&$CT12&"g")) | CV12: =IF($CQ12=0,"",IF($CP12=$CU12,"Repeat Exact",IF($CT12>$CO12,"Upsized",IF($CT12<$CO12,"Downsized",IF($CM12<>$CR12,"Lateral","Same Size Diff Variant"))))) | CW12: =IF($CQ12=0,"",AZ12-AQ12) | CX12: =IF($CQ12=0,0,IF(CS12=CN12,1,0)) | CY12: =IF($CQ12=0,0,IF(CR12=CM12,1,0)) | CZ12: =IF($A12="","",IF(AND(IF(DASHBOARD!$C$4="All",TRUE,$CM12=DASHBOARD!$C$4),IF(DASHBOARD!$C$6="All",TRUE,$CP12=DASHBOARD!$C$6),IF(DASHBOARD!$C$8="All",TRUE,$AF12>=DASHBOARD!$C$8),IF(DASHBOARD!$C$10="All",TRUE,$AF12<=DASHBOARD!$C$10),IF(DASHBOARD!$C$12="All",TRUE,$AH12=VALUE(DASHBOARD!$C$12)),IF(DASHBOARD!$C$14="All",TRUE,$AJ12=DASHBOARD!$C$14)),1,0))
A13: 29483 | B13: Face Malai | C13: Face Malai | H13: Turmeric Nutmeg (Pigmentation) Face Malai - 30g | I13: Turmeric Nutmeg (Pigmentation) Face Malai - 30g | N13: FC-DM-PG-030 | O13: FC-DM-PG-030 | T13: Jan 15, 2024 | U13: Mar 7, 2024 | Z13: 52 | AE13: New Delhi | AF13: 2024-01 | AG13: 1 | AH13: 2 | AI13: 1 | AJ13: =IF($AE13="","",IFERROR(VLOOKUP(TRIM($AE13),DECODE!$H$3:$I$60,2,FALSE),"Rest of India")) | AK13: =IF($N13="","",UPPER(TRIM(LEFT($N13&",",FIND(",",$N13&",")-1)))) | AL13: =IF($AK13="","",MID($AK13,4,FIND("~",SUBSTITUTE($AK13,"-","~",2))-4)) | AM13: =IF($AK13="","",MID($AK13,FIND("~",SUBSTITUTE($AK13,"-","~",2))+1,FIND("~",SUBSTITUTE($AK13,"-","~",3))-FIND("~",SUBSTITUTE($AK13,"-","~",2))-1)) | AN13: =IF($AL13="","",IFERROR(VLOOKUP($AL13,DECODE!$A$3:$C$8,3,FALSE),"?")) | AO13: =IF($AM13="","",IFERROR(VLOOKUP($AL13&"-"&$AM13,DECODE!$E$3:$F$21,2,FALSE),"?")) | AP13: =IF($AK13="","",IFERROR(VALUE(RIGHT($AK13,3)),"")) | AQ13: =IF($T13="","",IFERROR(IF(ISNUMBER($T13),$T13,DATEVALUE(TRIM($T13))),"")) | AR13: =IF($AQ13="","",IF(MONTH($AQ13)>=12,"Cold Winter",IF(MONTH($AQ13)>=10,"Post-Monsoon",IF(MONTH($AQ13)>=6,"Hot Humid",IF(MONTH($AQ13)>=3,"Hot Dry","Cold Winter"))))) | AS13: =IF($AL13="","",IFERROR(VLOOKUP($AL13,DECODE!$A$3:$C$8,2,FALSE),"?")) | AT13: =IF($O13="","",UPPER(TRIM(LEFT($O13&",",FIND(",",$O13&",")-1)))) | AU13: =IF($AT13="","",MID($AT13,4,FIND("~",SUBSTITUTE($AT13,"-","~",2))-4)) | AV13: =IF($AT13="","",MID($AT13,FIND("~",SUBSTITUTE($AT13,"-","~",2))+1,FIND("~",SUBSTITUTE($AT13,"-","~",3))-FIND("~",SUBSTITUTE($AT13,"-","~",2))-1)) | AW13: =IF($AU13="","",IFERROR(VLOOKUP($AU13,DECODE!$A$3:$C$8,3,FALSE),"?")) | AX13: =IF($AV13="","",IFERROR(VLOOKUP($AU13&"-"&$AV13,DECODE!$E$3:$F$21,2,FALSE),"?")) | AY13: =IF($AT13="","",IFERROR(VALUE(RIGHT($AT13,3)),"")) | AZ13: =IF($U13="","",IFERROR(IF(ISNUMBER($U13),$U13,DATEVALUE(TRIM($U13))),"")) | BA13: =IF($AZ13="","",IF(MONTH($AZ13)>=12,"Cold Winter",IF(MONTH($AZ13)>=10,"Post-Monsoon",IF(MONTH($AZ13)>=6,"Hot Humid",IF(MONTH($AZ13)>=3,"Hot Dry","Cold Winter"))))) | BB13: =IF($AU13="","",IFERROR(VLOOKUP($AU13,DECODE!$A$3:$C$8,2,FALSE),"?")) | BC13: =IF($P13="","",UPPER(TRIM(LEFT($P13&",",FIND(",",$P13&",")-1)))) | BD13: =IF($BC13="","",MID($BC13,4,FIND("~",SUBSTITUTE($BC13,"-","~",2))-4)) | BE13: =IF($BC13="","",MID($BC13,FIND("~",SUBSTITUTE($BC13,"-","~",2))+1,FIND("~",SUBSTITUTE($BC13,"-","~",3))-FIND("~",SUBSTITUTE($BC13,"-","~",2))-1)) | BF13: =IF($BD13="","",IFERROR(VLOOKUP($BD13,DECODE!$A$3:$C$8,3,FALSE),"?")) | BG13: =IF($BE13="","",IFERROR(VLOOKUP($BD13&"-"&$BE13,DECODE!$E$3:$F$21,2,FALSE),"?")) | BH13: =IF($BC13="","",IFERROR(VALUE(RIGHT($BC13,3)),"")) | BI13: =IF($V13="","",IFERROR(IF(ISNUMBER($V13),$V13,DATEVALUE(TRIM($V13))),"")) | BJ13: =IF($BI13="","",IF(MONTH($BI13)>=12,"Cold Winter",IF(MONTH($BI13)>=10,"Post-Monsoon",IF(MONTH($BI13)>=6,"Hot Humid",IF(MONTH($BI13)>=3,"Hot Dry","Cold Winter"))))) | BK13: =IF($BD13="","",IFERROR(VLOOKUP($BD13,DECODE!$A$3:$C$8,2,FALSE),"?")) | BL13: =IF($Q13="","",UPPER(TRIM(LEFT($Q13&",",FIND(",",$Q13&",")-1)))) | BM13: =IF($BL13="","",MID($BL13,4,FIND("~",SUBSTITUTE($BL13,"-","~",2))-4)) | BN13: =IF($BL13="","",MID($BL13,FIND("~",SUBSTITUTE($BL13,"-","~",2))+1,FIND("~",SUBSTITUTE($BL13,"-","~",3))-FIND("~",SUBSTITUTE($BL13,"-","~",2))-1)) | BO13: =IF($BM13="","",IFERROR(VLOOKUP($BM13,DECODE!$A$3:$C$8,3,FALSE),"?")) | BP13: =IF($BN13="","",IFERROR(VLOOKUP($BM13&"-"&$BN13,DECODE!$E$3:$F$21,2,FALSE),"?")) | BQ13: =IF($BL13="","",IFERROR(VALUE(RIGHT($BL13,3)),"")) | BR13: =IF($W13="","",IFERROR(IF(ISNUMBER($W13),$W13,DATEVALUE(TRIM($W13))),"")) | BS13: =IF($BR13="","",IF(MONTH($BR13)>=12,"Cold Winter",IF(MONTH($BR13)>=10,"Post-Monsoon",IF(MONTH($BR13)>=6,"Hot Humid",IF(MONTH($BR13)>=3,"Hot Dry","Cold Winter"))))) | BT13: =IF($BM13="","",IFERROR(VLOOKUP($BM13,DECODE!$A$3:$C$8,2,FALSE),"?")) | BU13: =IF($R13="","",UPPER(TRIM(LEFT($R13&",",FIND(",",$R13&",")-1)))) | BV13: =IF($BU13="","",MID($BU13,4,FIND("~",SUBSTITUTE($BU13,"-","~",2))-4)) | BW13: =IF($BU13="","",MID($BU13,FIND("~",SUBSTITUTE($BU13,"-","~",2))+1,FIND("~",SUBSTITUTE($BU13,"-","~",3))-FIND("~",SUBSTITUTE($BU13,"-","~",2))-1)) | BX13: =IF($BV13="","",IFERROR(VLOOKUP($BV13,DECODE!$A$3:$C$8,3,FALSE),"?")) | BY13: =IF($BW13="","",IFERROR(VLOOKUP($BV13&"-"&$BW13,DECODE!$E$3:$F$21,2,FALSE),"?")) | BZ13: =IF($BU13="","",IFERROR(VALUE(RIGHT($BU13,3)),"")) | CA13: =IF($X13="","",IFERROR(IF(ISNUMBER($X13),$X13,DATEVALUE(TRIM($X13))),"")) | CB13: =IF($CA13="","",IF(MONTH($CA13)>=12,"Cold Winter",IF(MONTH($CA13)>=10,"Post-Monsoon",IF(MONTH($CA13)>=6,"Hot Humid",IF(MONTH($CA13)>=3,"Hot Dry","Cold Winter"))))) | CC13: =IF($BV13="","",IFERROR(VLOOKUP($BV13,DECODE!$A$3:$C$8,2,FALSE),"?")) | CD13: =IF($S13="","",UPPER(TRIM(LEFT($S13&",",FIND(",",$S13&",")-1)))) | CE13: =IF($CD13="","",MID($CD13,4,FIND("~",SUBSTITUTE($CD13,"-","~",2))-4)) | CF13: =IF($CD13="","",MID($CD13,FIND("~",SUBSTITUTE($CD13,"-","~",2))+1,FIND("~",SUBSTITUTE($CD13,"-","~",3))-FIND("~",SUBSTITUTE($CD13,"-","~",2))-1)) | CG13: =IF($CE13="","",IFERROR(VLOOKUP($CE13,DECODE!$A$3:$C$8,3,FALSE),"?")) | CH13: =IF($CF13="","",IFERROR(VLOOKUP($CE13&"-"&$CF13,DECODE!$E$3:$F$21,2,FALSE),"?")) | CI13: =IF($CD13="","",IFERROR(VALUE(RIGHT($CD13,3)),"")) | CJ13: =IF($Y13="","",IFERROR(IF(ISNUMBER($Y13),$Y13,DATEVALUE(TRIM($Y13))),"")) | CK13: =IF($CJ13="","",IF(MONTH($CJ13)>=12,"Cold Winter",IF(MONTH($CJ13)>=10,"Post-Monsoon",IF(MONTH($CJ13)>=6,"Hot Humid",IF(MONTH($CJ13)>=3,"Hot Dry","Cold Winter"))))) | CL13: =IF($CE13="","",IFERROR(VLOOKUP($CE13,DECODE!$A$3:$C$8,2,FALSE),"?")) | CM13: =IF($AN13="","",AN13) | CN13: =IF($AO13="","",AO13) | CO13: =IF($AP13="","",AP13) | CP13: =IF($CM13="","",IF($CM13="Aloe Vera Gel","Aloe Vera Gel "&$CO13&"g",CN13&" "&$CO13&"g")) | CQ13: =IF($AT13="",0,1) | CR13: =IF($CQ13=0,"",AW13) | CS13: =IF($CQ13=0,"",AX13) | CT13: =IF($CQ13=0,"",AY13) | CU13: =IF($CR13="","",IF($CR13="Aloe Vera Gel","Aloe Vera Gel "&$CT13&"g",CS13&" "&$CT13&"g")) | CV13: =IF($CQ13=0,"",IF($CP13=$CU13,"Repeat Exact",IF($CT13>$CO13,"Upsized",IF($CT13<$CO13,"Downsized",IF($CM13<>$CR13,"Lateral","Same Size Diff Variant"))))) | CW13: =IF($CQ13=0,"",AZ13-AQ13) | CX13: =IF($CQ13=0,0,IF(CS13=CN13,1,0)) | CY13: =IF($CQ13=0,0,IF(CR13=CM13,1,0)) | CZ13: =IF($A13="","",IF(AND(IF(DASHBOARD!$C$4="All",TRUE,$CM13=DASHBOARD!$C$4),IF(DASHBOARD!$C$6="All",TRUE,$CP13=DASHBOARD!$C$6),IF(DASHBOARD!$C$8="All",TRUE,$AF13>=DASHBOARD!$C$8),IF(DASHBOARD!$C$10="All",TRUE,$AF13<=DASHBOARD!$C$10),IF(DASHBOARD!$C$12="All",TRUE,$AH13=VALUE(DASHBOARD!$C$12)),IF(DASHBOARD!$C$14="All",TRUE,$AJ13=DASHBOARD!$C$14)),1,0))
A14: 29860 | B14: Aloe Vera Gel | H14: Aloe Vera Gel - 40 gms | N14: FC-HG-PA-040 | T14: Sep 13, 2024 | AE14: New Delhi | AF14: 2024-09 | AG14: 9 | AH14: 1 | AI14: 0 | AJ14: =IF($AE14="","",IFERROR(VLOOKUP(TRIM($AE14),DECODE!$H$3:$I$60,2,FALSE),"Rest of India")) | AK14: =IF($N14="","",UPPER(TRIM(LEFT($N14&",",FIND(",",$N14&",")-1)))) | AL14: =IF($AK14="","",MID($AK14,4,FIND("~",SUBSTITUTE($AK14,"-","~",2))-4)) | AM14: =IF($AK14="","",MID($AK14,FIND("~",SUBSTITUTE($AK14,"-","~",2))+1,FIND("~",SUBSTITUTE($AK14,"-","~",3))-FIND("~",SUBSTITUTE($AK14,"-","~",2))-1)) | AN14: =IF($AL14="","",IFERROR(VLOOKUP($AL14,DECODE!$A$3:$C$8,3,FALSE),"?")) | AO14: =IF($AM14="","",IFERROR(VLOOKUP($AL14&"-"&$AM14,DECODE!$E$3:$F$21,2,FALSE),"?")) | AP14: =IF($AK14="","",IFERROR(VALUE(RIGHT($AK14,3)),"")) | AQ14: =IF($T14="","",IFERROR(IF(ISNUMBER($T14),$T14,DATEVALUE(TRIM($T14))),"")) | AR14: =IF($AQ14="","",IF(MONTH($AQ14)>=12,"Cold Winter",IF(MONTH($AQ14)>=10,"Post-Monsoon",IF(MONTH($AQ14)>=6,"Hot Humid",IF(MONTH($AQ14)>=3,"Hot Dry","Cold Winter"))))) | AS14: =IF($AL14="","",IFERROR(VLOOKUP($AL14,DECODE!$A$3:$C$8,2,FALSE),"?")) | AT14: =IF($O14="","",UPPER(TRIM(LEFT($O14&",",FIND(",",$O14&",")-1)))) | AU14: =IF($AT14="","",MID($AT14,4,FIND("~",SUBSTITUTE($AT14,"-","~",2))-4)) | AV14: =IF($AT14="","",MID($AT14,FIND("~",SUBSTITUTE($AT14,"-","~",2))+1,FIND("~",SUBSTITUTE($AT14,"-","~",3))-FIND("~",SUBSTITUTE($AT14,"-","~",2))-1)) | AW14: =IF($AU14="","",IFERROR(VLOOKUP($AU14,DECODE!$A$3:$C$8,3,FALSE),"?")) | AX14: =IF($AV14="","",IFERROR(VLOOKUP($AU14&"-"&$AV14,DECODE!$E$3:$F$21,2,FALSE),"?")) | AY14: =IF($AT14="","",IFERROR(VALUE(RIGHT($AT14,3)),"")) | AZ14: =IF($U14="","",IFERROR(IF(ISNUMBER($U14),$U14,DATEVALUE(TRIM($U14))),"")) | BA14: =IF($AZ14="","",IF(MONTH($AZ14)>=12,"Cold Winter",IF(MONTH($AZ14)>=10,"Post-Monsoon",IF(MONTH($AZ14)>=6,"Hot Humid",IF(MONTH($AZ14)>=3,"Hot Dry","Cold Winter"))))) | BB14: =IF($AU14="","",IFERROR(VLOOKUP($AU14,DECODE!$A$3:$C$8,2,FALSE),"?")) | BC14: =IF($P14="","",UPPER(TRIM(LEFT($P14&",",FIND(",",$P14&",")-1)))) | BD14: =IF($BC14="","",MID($BC14,4,FIND("~",SUBSTITUTE($BC14,"-","~",2))-4)) | BE14: =IF($BC14="","",MID($BC14,FIND("~",SUBSTITUTE($BC14,"-","~",2))+1,FIND("~",SUBSTITUTE($BC14,"-","~",3))-FIND("~",SUBSTITUTE($BC14,"-","~",2))-1)) | BF14: =IF($BD14="","",IFERROR(VLOOKUP($BD14,DECODE!$A$3:$C$8,3,FALSE),"?")) | BG14: =IF($BE14="","",IFERROR(VLOOKUP($BD14&"-"&$BE14,DECODE!$E$3:$F$21,2,FALSE),"?")) | BH14: =IF($BC14="","",IFERROR(VALUE(RIGHT($BC14,3)),"")) | BI14: =IF($V14="","",IFERROR(IF(ISNUMBER($V14),$V14,DATEVALUE(TRIM($V14))),"")) | BJ14: =IF($BI14="","",IF(MONTH($BI14)>=12,"Cold Winter",IF(MONTH($BI14)>=10,"Post-Monsoon",IF(MONTH($BI14)>=6,"Hot Humid",IF(MONTH($BI14)>=3,"Hot Dry","Cold Winter"))))) | BK14: =IF($BD14="","",IFERROR(VLOOKUP($BD14,DECODE!$A$3:$C$8,2,FALSE),"?")) | BL14: =IF($Q14="","",UPPER(TRIM(LEFT($Q14&",",FIND(",",$Q14&",")-1)))) | BM14: =IF($BL14="","",MID($BL14,4,FIND("~",SUBSTITUTE($BL14,"-","~",2))-4)) | BN14: =IF($BL14="","",MID($BL14,FIND("~",SUBSTITUTE($BL14,"-","~",2))+1,FIND("~",SUBSTITUTE($BL14,"-","~",3))-FIND("~",SUBSTITUTE($BL14,"-","~",2))-1)) | BO14: =IF($BM14="","",IFERROR(VLOOKUP($BM14,DECODE!$A$3:$C$8,3,FALSE),"?")) | BP14: =IF($BN14="","",IFERROR(VLOOKUP($BM14&"-"&$BN14,DECODE!$E$3:$F$21,2,FALSE),"?")) | BQ14: =IF($BL14="","",IFERROR(VALUE(RIGHT($BL14,3)),"")) | BR14: =IF($W14="","",IFERROR(IF(ISNUMBER($W14),$W14,DATEVALUE(TRIM($W14))),"")) | BS14: =IF($BR14="","",IF(MONTH($BR14)>=12,"Cold Winter",IF(MONTH($BR14)>=10,"Post-Monsoon",IF(MONTH($BR14)>=6,"Hot Humid",IF(MONTH($BR14)>=3,"Hot Dry","Cold Winter"))))) | BT14: =IF($BM14="","",IFERROR(VLOOKUP($BM14,DECODE!$A$3:$C$8,2,FALSE),"?")) | BU14: =IF($R14="","",UPPER(TRIM(LEFT($R14&",",FIND(",",$R14&",")-1)))) | BV14: =IF($BU14="","",MID($BU14,4,FIND("~",SUBSTITUTE($BU14,"-","~",2))-4)) | BW14: =IF($BU14="","",MID($BU14,FIND("~",SUBSTITUTE($BU14,"-","~",2))+1,FIND("~",SUBSTITUTE($BU14,"-","~",3))-FIND("~",SUBSTITUTE($BU14,"-","~",2))-1)) | BX14: =IF($BV14="","",IFERROR(VLOOKUP($BV14,DECODE!$A$3:$C$8,3,FALSE),"?")) | BY14: =IF($BW14="","",IFERROR(VLOOKUP($BV14&"-"&$BW14,DECODE!$E$3:$F$21,2,FALSE),"?")) | BZ14: =IF($BU14="","",IFERROR(VALUE(RIGHT($BU14,3)),"")) | CA14: =IF($X14="","",IFERROR(IF(ISNUMBER($X14),$X14,DATEVALUE(TRIM($X14))),"")) | CB14: =IF($CA14="","",IF(MONTH($CA14)>=12,"Cold Winter",IF(MONTH($CA14)>=10,"Post-Monsoon",IF(MONTH($CA14)>=6,"Hot Humid",IF(MONTH($CA14)>=3,"Hot Dry","Cold Winter"))))) | CC14: =IF($BV14="","",IFERROR(VLOOKUP($BV14,DECODE!$A$3:$C$8,2,FALSE),"?")) | CD14: =IF($S14="","",UPPER(TRIM(LEFT($S14&",",FIND(",",$S14&",")-1)))) | CE14: =IF($CD14="","",MID($CD14,4,FIND("~",SUBSTITUTE($CD14,"-","~",2))-4)) | CF14: =IF($CD14="","",MID($CD14,FIND("~",SUBSTITUTE($CD14,"-","~",2))+1,FIND("~",SUBSTITUTE($CD14,"-","~",3))-FIND("~",SUBSTITUTE($CD14,"-","~",2))-1)) | CG14: =IF($CE14="","",IFERROR(VLOOKUP($CE14,DECODE!$A$3:$C$8,3,FALSE),"?")) | CH14: =IF($CF14="","",IFERROR(VLOOKUP($CE14&"-"&$CF14,DECODE!$E$3:$F$21,2,FALSE),"?")) | CI14: =IF($CD14="","",IFERROR(VALUE(RIGHT($CD14,3)),"")) | CJ14: =IF($Y14="","",IFERROR(IF(ISNUMBER($Y14),$Y14,DATEVALUE(TRIM($Y14))),"")) | CK14: =IF($CJ14="","",IF(MONTH($CJ14)>=12,"Cold Winter",IF(MONTH($CJ14)>=10,"Post-Monsoon",IF(MONTH($CJ14)>=6,"Hot Humid",IF(MONTH($CJ14)>=3,"Hot Dry","Cold Winter"))))) | CL14: =IF($CE14="","",IFERROR(VLOOKUP($CE14,DECODE!$A$3:$C$8,2,FALSE),"?")) | CM14: =IF($AN14="","",AN14) | CN14: =IF($AO14="","",AO14) | CO14: =IF($AP14="","",AP14) | CP14: =IF($CM14="","",IF($CM14="Aloe Vera Gel","Aloe Vera Gel "&$CO14&"g",CN14&" "&$CO14&"g")) | CQ14: =IF($AT14="",0,1) | CR14: =IF($CQ14=0,"",AW14) | CS14: =IF($CQ14=0,"",AX14) | CT14: =IF($CQ14=0,"",AY14) | CU14: =IF($CR14="","",IF($CR14="Aloe Vera Gel","Aloe Vera Gel "&$CT14&"g",CS14&" "&$CT14&"g")) | CV14: =IF($CQ14=0,"",IF($CP14=$CU14,"Repeat Exact",IF($CT14>$CO14,"Upsized",IF($CT14<$CO14,"Downsized",IF($CM14<>$CR14,"Lateral","Same Size Diff Variant"))))) | CW14: =IF($CQ14=0,"",AZ14-AQ14) | CX14: =IF($CQ14=0,0,IF(CS14=CN14,1,0)) | CY14: =IF($CQ14=0,0,IF(CR14=CM14,1,0)) | CZ14: =IF($A14="","",IF(AND(IF(DASHBOARD!$C$4="All",TRUE,$CM14=DASHBOARD!$C$4),IF(DASHBOARD!$C$6="All",TRUE,$CP14=DASHBOARD!$C$6),IF(DASHBOARD!$C$8="All",TRUE,$AF14>=DASHBOARD!$C$8),IF(DASHBOARD!$C$10="All",TRUE,$AF14<=DASHBOARD!$C$10),IF(DASHBOARD!$C$12="All",TRUE,$AH14=VALUE(DASHBOARD!$C$12)),IF(DASHBOARD!$C$14="All",TRUE,$AJ14=DASHBOARD!$C$14)),1,0))
A15: 29922 | B15: Face Malai | H15: Cocoa Mogra (Overnight) Face Malai - 30g, Tomato Patchouli (Cold) 20 - 35 Yrs Face Malai | N15: FC-CWDM-TP-030, FC-DM-NR-030 | T15: Nov 6, 2024 | AE15: Agra | AF15: 2024-11 | AG15: 11 | AH15: 1 | AI15: 0 | AJ15: =IF($AE15="","",IFERROR(VLOOKUP(TRIM($AE15),DECODE!$H$3:$I$60,2,FALSE),"Rest of India")) | AK15: =IF($N15="","",UPPER(TRIM(LEFT($N15&",",FIND(",",$N15&",")-1)))) | AL15: =IF($AK15="","",MID($AK15,4,FIND("~",SUBSTITUTE($AK15,"-","~",2))-4)) | AM15: =IF($AK15="","",MID($AK15,FIND("~",SUBSTITUTE($AK15,"-","~",2))+1,FIND("~",SUBSTITUTE($AK15,"-","~",3))-FIND("~",SUBSTITUTE($AK15,"-","~",2))-1)) | AN15: =IF($AL15="","",IFERROR(VLOOKUP($AL15,DECODE!$A$3:$C$8,3,FALSE),"?")) | AO15: =IF($AM15="","",IFERROR(VLOOKUP($AL15&"-"&$AM15,DECODE!$E$3:$F$21,2,FALSE),"?")) | AP15: =IF($AK15="","",IFERROR(VALUE(RIGHT($AK15,3)),"")) | AQ15: =IF($T15="","",IFERROR(IF(ISNUMBER($T15),$T15,DATEVALUE(TRIM($T15))),"")) | AR15: =IF($AQ15="","",IF(MONTH($AQ15)>=12,"Cold Winter",IF(MONTH($AQ15)>=10,"Post-Monsoon",IF(MONTH($AQ15)>=6,"Hot Humid",IF(MONTH($AQ15)>=3,"Hot Dry","Cold Winter"))))) | AS15: =IF($AL15="","",IFERROR(VLOOKUP($AL15,DECODE!$A$3:$C$8,2,FALSE),"?")) | AT15: =IF($O15="","",UPPER(TRIM(LEFT($O15&",",FIND(",",$O15&",")-1)))) | AU15: =IF($AT15="","",MID($AT15,4,FIND("~",SUBSTITUTE($AT15,"-","~",2))-4)) | AV15: =IF($AT15="","",MID($AT15,FIND("~",SUBSTITUTE($AT15,"-","~",2))+1,FIND("~",SUBSTITUTE($AT15,"-","~",3))-FIND("~",SUBSTITUTE($AT15,"-","~",2))-1)) | AW15: =IF($AU15="","",IFERROR(VLOOKUP($AU15,DECODE!$A$3:$C$8,3,FALSE),"?")) | AX15: =IF($AV15="","",IFERROR(VLOOKUP($AU15&"-"&$AV15,DECODE!$E$3:$F$21,2,FALSE),"?")) | AY15: =IF($AT15="","",IFERROR(VALUE(RIGHT($AT15,3)),"")) | AZ15: =IF($U15="","",IFERROR(IF(ISNUMBER($U15),$U15,DATEVALUE(TRIM($U15))),"")) | BA15: =IF($AZ15="","",IF(MONTH($AZ15)>=12,"Cold Winter",IF(MONTH($AZ15)>=10,"Post-Monsoon",IF(MONTH($AZ15)>=6,"Hot Humid",IF(MONTH($AZ15)>=3,"Hot Dry","Cold Winter"))))) | BB15: =IF($AU15="","",IFERROR(VLOOKUP($AU15,DECODE!$A$3:$C$8,2,FALSE),"?")) | BC15: =IF($P15="","",UPPER(TRIM(LEFT($P15&",",FIND(",",$P15&",")-1)))) | BD15: =IF($BC15="","",MID($BC15,4,FIND("~",SUBSTITUTE($BC15,"-","~",2))-4)) | BE15: =IF($BC15="","",MID($BC15,FIND("~",SUBSTITUTE($BC15,"-","~",2))+1,FIND("~",SUBSTITUTE($BC15,"-","~",3))-FIND("~",SUBSTITUTE($BC15,"-","~",2))-1)) | BF15: =IF($BD15="","",IFERROR(VLOOKUP($BD15,DECODE!$A$3:$C$8,3,FALSE),"?")) | BG15: =IF($BE15="","",IFERROR(VLOOKUP($BD15&"-"&$BE15,DECODE!$E$3:$F$21,2,FALSE),"?")) | BH15: =IF($BC15="","",IFERROR(VALUE(RIGHT($BC15,3)),"")) | BI15: =IF($V15="","",IFERROR(IF(ISNUMBER($V15),$V15,DATEVALUE(TRIM($V15))),"")) | BJ15: =IF($BI15="","",IF(MONTH($BI15)>=12,"Cold Winter",IF(MONTH($BI15)>=10,"Post-Monsoon",IF(MONTH($BI15)>=6,"Hot Humid",IF(MONTH($BI15)>=3,"Hot Dry","Cold Winter"))))) | BK15: =IF($BD15="","",IFERROR(VLOOKUP($BD15,DECODE!$A$3:$C$8,2,FALSE),"?")) | BL15: =IF($Q15="","",UPPER(TRIM(LEFT($Q15&",",FIND(",",$Q15&",")-1)))) | BM15: =IF($BL15="","",MID($BL15,4,FIND("~",SUBSTITUTE($BL15,"-","~",2))-4)) | BN15: =IF($BL15="","",MID($BL15,FIND("~",SUBSTITUTE($BL15,"-","~",2))+1,FIND("~",SUBSTITUTE($BL15,"-","~",3))-FIND("~",SUBSTITUTE($BL15,"-","~",2))-1)) | BO15: =IF($BM15="","",IFERROR(VLOOKUP($BM15,DECODE!$A$3:$C$8,3,FALSE),"?")) | BP15: =IF($BN15="","",IFERROR(VLOOKUP($BM15&"-"&$BN15,DECODE!$E$3:$F$21,2,FALSE),"?")) | BQ15: =IF($BL15="","",IFERROR(VALUE(RIGHT($BL15,3)),"")) | BR15: =IF($W15="","",IFERROR(IF(ISNUMBER($W15),$W15,DATEVALUE(TRIM($W15))),"")) | BS15: =IF($BR15="","",IF(MONTH($BR15)>=12,"Cold Winter",IF(MONTH($BR15)>=10,"Post-Monsoon",IF(MONTH($BR15)>=6,"Hot Humid",IF(MONTH($BR15)>=3,"Hot Dry","Cold Winter"))))) | BT15: =IF($BM15="","",IFERROR(VLOOKUP($BM15,DECODE!$A$3:$C$8,2,FALSE),"?")) | BU15: =IF($R15="","",UPPER(TRIM(LEFT($R15&",",FIND(",",$R15&",")-1)))) | BV15: =IF($BU15="","",MID($BU15,4,FIND("~",SUBSTITUTE($BU15,"-","~",2))-4)) | BW15: =IF($BU15="","",MID($BU15,FIND("~",SUBSTITUTE($BU15,"-","~",2))+1,FIND("~",SUBSTITUTE($BU15,"-","~",3))-FIND("~",SUBSTITUTE($BU15,"-","~",2))-1)) | BX15: =IF($BV15="","",IFERROR(VLOOKUP($BV15,DECODE!$A$3:$C$8,3,FALSE),"?")) | BY15: =IF($BW15="","",IFERROR(VLOOKUP($BV15&"-"&$BW15,DECODE!$E$3:$F$21,2,FALSE),"?")) | BZ15: =IF($BU15="","",IFERROR(VALUE(RIGHT($BU15,3)),"")) | CA15: =IF($X15="","",IFERROR(IF(ISNUMBER($X15),$X15,DATEVALUE(TRIM($X15))),"")) | CB15: =IF($CA15="","",IF(MONTH($CA15)>=12,"Cold Winter",IF(MONTH($CA15)>=10,"Post-Monsoon",IF(MONTH($CA15)>=6,"Hot Humid",IF(MONTH($CA15)>=3,"Hot Dry","Cold Winter"))))) | CC15: =IF($BV15="","",IFERROR(VLOOKUP($BV15,DECODE!$A$3:$C$8,2,FALSE),"?")) | CD15: =IF($S15="","",UPPER(TRIM(LEFT($S15&",",FIND(",",$S15&",")-1)))) | CE15: =IF($CD15="","",MID($CD15,4,FIND("~",SUBSTITUTE($CD15,"-","~",2))-4)) | CF15: =IF($CD15="","",MID($CD15,FIND("~",SUBSTITUTE($CD15,"-","~",2))+1,FIND("~",SUBSTITUTE($CD15,"-","~",3))-FIND("~",SUBSTITUTE($CD15,"-","~",2))-1)) | CG15: =IF($CE15="","",IFERROR(VLOOKUP($CE15,DECODE!$A$3:$C$8,3,FALSE),"?")) | CH15: =IF($CF15="","",IFERROR(VLOOKUP($CE15&"-"&$CF15,DECODE!$E$3:$F$21,2,FALSE),"?")) | CI15: =IF($CD15="","",IFERROR(VALUE(RIGHT($CD15,3)),"")) | CJ15: =IF($Y15="","",IFERROR(IF(ISNUMBER($Y15),$Y15,DATEVALUE(TRIM($Y15))),"")) | CK15: =IF($CJ15="","",IF(MONTH($CJ15)>=12,"Cold Winter",IF(MONTH($CJ15)>=10,"Post-Monsoon",IF(MONTH($CJ15)>=6,"Hot Humid",IF(MONTH($CJ15)>=3,"Hot Dry","Cold Winter"))))) | CL15: =IF($CE15="","",IFERROR(VLOOKUP($CE15,DECODE!$A$3:$C$8,2,FALSE),"?")) | CM15: =IF($AN15="","",AN15) | CN15: =IF($AO15="","",AO15) | CO15: =IF($AP15="","",AP15) | CP15: =IF($CM15="","",IF($CM15="Aloe Vera Gel","Aloe Vera Gel "&$CO15&"g",CN15&" "&$CO15&"g")) | CQ15: =IF($AT15="",0,1) | CR15: =IF($CQ15=0,"",AW15) | CS15: =IF($CQ15=0,"",AX15) | CT15: =IF($CQ15=0,"",AY15) | CU15: =IF($CR15="","",IF($CR15="Aloe Vera Gel","Aloe Vera Gel "&$CT15&"g",CS15&" "&$CT15&"g")) | CV15: =IF($CQ15=0,"",IF($CP15=$CU15,"Repeat Exact",IF($CT15>$CO15,"Upsized",IF($CT15<$CO15,"Downsized",IF($CM15<>$CR15,"Lateral","Same Size Diff Variant"))))) | CW15: =IF($CQ15=0,"",AZ15-AQ15) | CX15: =IF($CQ15=0,0,IF(CS15=CN15,1,0)) | CY15: =IF($CQ15=0,0,IF(CR15=CM15,1,0)) | CZ15: =IF($A15="","",IF(AND(IF(DASHBOARD!$C$4="All",TRUE,$CM15=DASHBOARD!$C$4),IF(DASHBOARD!$C$6="All",TRUE,$CP15=DASHBOARD!$C$6),IF(DASHBOARD!$C$8="All",TRUE,$AF15>=DASHBOARD!$C$8),IF(DASHBOARD!$C$10="All",TRUE,$AF15<=DASHBOARD!$C$10),IF(DASHBOARD!$C$12="All",TRUE,$AH15=VALUE(DASHBOARD!$C$12)),IF(DASHBOARD!$C$14="All",TRUE,$AJ15=DASHBOARD!$C$14)),1,0))
A16: 30027 | B16: Face Malai | H16: Tomato Vetiver (Hot Humid) 20 - 35 Yrs Face Malai | N16: FC-HHDM-TV-030 | T16: Mar 19, 2024 | AE16: New Delhi | AF16: 2024-03 | AG16: 3 | AH16: 1 | AI16: 0 | AJ16: =IF($AE16="","",IFERROR(VLOOKUP(TRIM($AE16),DECODE!$H$3:$I$60,2,FALSE),"Rest of India")) | AK16: =IF($N16="","",UPPER(TRIM(LEFT($N16&",",FIND(",",$N16&",")-1)))) | AL16: =IF($AK16="","",MID($AK16,4,FIND("~",SUBSTITUTE($AK16,"-","~",2))-4)) | AM16: =IF($AK16="","",MID($AK16,FIND("~",SUBSTITUTE($AK16,"-","~",2))+1,FIND("~",SUBSTITUTE($AK16,"-","~",3))-FIND("~",SUBSTITUTE($AK16,"-","~",2))-1)) | AN16: =IF($AL16="","",IFERROR(VLOOKUP($AL16,DECODE!$A$3:$C$8,3,FALSE),"?")) | AO16: =IF($AM16="","",IFERROR(VLOOKUP($AL16&"-"&$AM16,DECODE!$E$3:$F$21,2,FALSE),"?")) | AP16: =IF($AK16="","",IFERROR(VALUE(RIGHT($AK16,3)),"")) | AQ16: =IF($T16="","",IFERROR(IF(ISNUMBER($T16),$T16,DATEVALUE(TRIM($T16))),"")) | AR16: =IF($AQ16="","",IF(MONTH($AQ16)>=12,"Cold Winter",IF(MONTH($AQ16)>=10,"Post-Monsoon",IF(MONTH($AQ16)>=6,"Hot Humid",IF(MONTH($AQ16)>=3,"Hot Dry","Cold Winter"))))) | AS16: =IF($AL16="","",IFERROR(VLOOKUP($AL16,DECODE!$A$3:$C$8,2,FALSE),"?")) | AT16: =IF($O16="","",UPPER(TRIM(LEFT($O16&",",FIND(",",$O16&",")-1)))) | AU16: =IF($AT16="","",MID($AT16,4,FIND("~",SUBSTITUTE($AT16,"-","~",2))-4)) | AV16: =IF($AT16="","",MID($AT16,FIND("~",SUBSTITUTE($AT16,"-","~",2))+1,FIND("~",SUBSTITUTE($AT16,"-","~",3))-FIND("~",SUBSTITUTE($AT16,"-","~",2))-1)) | AW16: =IF($AU16="","",IFERROR(VLOOKUP($AU16,DECODE!$A$3:$C$8,3,FALSE),"?")) | AX16: =IF($AV16="","",IFERROR(VLOOKUP($AU16&"-"&$AV16,DECODE!$E$3:$F$21,2,FALSE),"?")) | AY16: =IF($AT16="","",IFERROR(VALUE(RIGHT($AT16,3)),"")) | AZ16: =IF($U16="","",IFERROR(IF(ISNUMBER($U16),$U16,DATEVALUE(TRIM($U16))),"")) | BA16: =IF($AZ16="","",IF(MONTH($AZ16)>=12,"Cold Winter",IF(MONTH($AZ16)>=10,"Post-Monsoon",IF(MONTH($AZ16)>=6,"Hot Humid",IF(MONTH($AZ16)>=3,"Hot Dry","Cold Winter"))))) | BB16: =IF($AU16="","",IFERROR(VLOOKUP($AU16,DECODE!$A$3:$C$8,2,FALSE),"?")) | BC16: =IF($P16="","",UPPER(TRIM(LEFT($P16&",",FIND(",",$P16&",")-1)))) | BD16: =IF($BC16="","",MID($BC16,4,FIND("~",SUBSTITUTE($BC16,"-","~",2))-4)) | BE16: =IF($BC16="","",MID($BC16,FIND("~",SUBSTITUTE($BC16,"-","~",2))+1,FIND("~",SUBSTITUTE($BC16,"-","~",3))-FIND("~",SUBSTITUTE($BC16,"-","~",2))-1)) | BF16: =IF($BD16="","",IFERROR(VLOOKUP($BD16,DECODE!$A$3:$C$8,3,FALSE),"?")) | BG16: =IF($BE16="","",IFERROR(VLOOKUP($BD16&"-"&$BE16,DECODE!$E$3:$F$21,2,FALSE),"?")) | BH16: =IF($BC16="","",IFERROR(VALUE(RIGHT($BC16,3)),"")) | BI16: =IF($V16="","",IFERROR(IF(ISNUMBER($V16),$V16,DATEVALUE(TRIM($V16))),"")) | BJ16: =IF($BI16="","",IF(MONTH($BI16)>=12,"Cold Winter",IF(MONTH($BI16)>=10,"Post-Monsoon",IF(MONTH($BI16)>=6,"Hot Humid",IF(MONTH($BI16)>=3,"Hot Dry","Cold Winter"))))) | BK16: =IF($BD16="","",IFERROR(VLOOKUP($BD16,DECODE!$A$3:$C$8,2,FALSE),"?")) | BL16: =IF($Q16="","",UPPER(TRIM(LEFT($Q16&",",FIND(",",$Q16&",")-1)))) | BM16: =IF($BL16="","",MID($BL16,4,FIND("~",SUBSTITUTE($BL16,"-","~",2))-4)) | BN16: =IF($BL16="","",MID($BL16,FIND("~",SUBSTITUTE($BL16,"-","~",2))+1,FIND("~",SUBSTITUTE($BL16,"-","~",3))-FIND("~",SUBSTITUTE($BL16,"-","~",2))-1)) | BO16: =IF($BM16="","",IFERROR(VLOOKUP($BM16,DECODE!$A$3:$C$8,3,FALSE),"?")) | BP16: =IF($BN16="","",IFERROR(VLOOKUP($BM16&"-"&$BN16,DECODE!$E$3:$F$21,2,FALSE),"?")) | BQ16: =IF($BL16="","",IFERROR(VALUE(RIGHT($BL16,3)),"")) | BR16: =IF($W16="","",IFERROR(IF(ISNUMBER($W16),$W16,DATEVALUE(TRIM($W16))),"")) | BS16: =IF($BR16="","",IF(MONTH($BR16)>=12,"Cold Winter",IF(MONTH($BR16)>=10,"Post-Monsoon",IF(MONTH($BR16)>=6,"Hot Humid",IF(MONTH($BR16)>=3,"Hot Dry","Cold Winter"))))) | BT16: =IF($BM16="","",IFERROR(VLOOKUP($BM16,DECODE!$A$3:$C$8,2,FALSE),"?")) | BU16: =IF($R16="","",UPPER(TRIM(LEFT($R16&",",FIND(",",$R16&",")-1)))) | BV16: =IF($BU16="","",MID($BU16,4,FIND("~",SUBSTITUTE($BU16,"-","~",2))-4)) | BW16: =IF($BU16="","",MID($BU16,FIND("~",SUBSTITUTE($BU16,"-","~",2))+1,FIND("~",SUBSTITUTE($BU16,"-","~",3))-FIND("~",SUBSTITUTE($BU16,"-","~",2))-1)) | BX16: =IF($BV16="","",IFERROR(VLOOKUP($BV16,DECODE!$A$3:$C$8,3,FALSE),"?")) | BY16: =IF($BW16="","",IFERROR(VLOOKUP($BV16&"-"&$BW16,DECODE!$E$3:$F$21,2,FALSE),"?")) | BZ16: =IF($BU16="","",IFERROR(VALUE(RIGHT($BU16,3)),"")) | CA16: =IF($X16="","",IFERROR(IF(ISNUMBER($X16),$X16,DATEVALUE(TRIM($X16))),"")) | CB16: =IF($CA16="","",IF(MONTH($CA16)>=12,"Cold Winter",IF(MONTH($CA16)>=10,"Post-Monsoon",IF(MONTH($CA16)>=6,"Hot Humid",IF(MONTH($CA16)>=3,"Hot Dry","Cold Winter"))))) | CC16: =IF($BV16="","",IFERROR(VLOOKUP($BV16,DECODE!$A$3:$C$8,2,FALSE),"?")) | CD16: =IF($S16="","",UPPER(TRIM(LEFT($S16&",",FIND(",",$S16&",")-1)))) | CE16: =IF($CD16="","",MID($CD16,4,FIND("~",SUBSTITUTE($CD16,"-","~",2))-4)) | CF16: =IF($CD16="","",MID($CD16,FIND("~",SUBSTITUTE($CD16,"-","~",2))+1,FIND("~",SUBSTITUTE($CD16,"-","~",3))-FIND("~",SUBSTITUTE($CD16,"-","~",2))-1)) | CG16: =IF($CE16="","",IFERROR(VLOOKUP($CE16,DECODE!$A$3:$C$8,3,FALSE),"?")) | CH16: =IF($CF16="","",IFERROR(VLOOKUP($CE16&"-"&$CF16,DECODE!$E$3:$F$21,2,FALSE),"?")) | CI16: =IF($CD16="","",IFERROR(VALUE(RIGHT($CD16,3)),"")) | CJ16: =IF($Y16="","",IFERROR(IF(ISNUMBER($Y16),$Y16,DATEVALUE(TRIM($Y16))),"")) | CK16: =IF($CJ16="","",IF(MONTH($CJ16)>=12,"Cold Winter",IF(MONTH($CJ16)>=10,"Post-Monsoon",IF(MONTH($CJ16)>=6,"Hot Humid",IF(MONTH($CJ16)>=3,"Hot Dry","Cold Winter"))))) | CL16: =IF($CE16="","",IFERROR(VLOOKUP($CE16,DECODE!$A$3:$C$8,2,FALSE),"?")) | CM16: =IF($AN16="","",AN16) | CN16: =IF($AO16="","",AO16) | CO16: =IF($AP16="","",AP16) | CP16: =IF($CM16="","",IF($CM16="Aloe Vera Gel","Aloe Vera Gel "&$CO16&"g",CN16&" "&$CO16&"g")) | CQ16: =IF($AT16="",0,1) | CR16: =IF($CQ16=0,"",AW16) | CS16: =IF($CQ16=0,"",AX16) | CT16: =IF($CQ16=0,"",AY16) | CU16: =IF($CR16="","",IF($CR16="Aloe Vera Gel","Aloe Vera Gel "&$CT16&"g",CS16&" "&$CT16&"g")) | CV16: =IF($CQ16=0,"",IF($CP16=$CU16,"Repeat Exact",IF($CT16>$CO16,"Upsized",IF($CT16<$CO16,"Downsized",IF($CM16<>$CR16,"Lateral","Same Size Diff Variant"))))) | CW16: =IF($CQ16=0,"",AZ16-AQ16) | CX16: =IF($CQ16=0,0,IF(CS16=CN16,1,0)) | CY16: =IF($CQ16=0,0,IF(CR16=CM16,1,0)) | CZ16: =IF($A16="","",IF(AND(IF(DASHBOARD!$C$4="All",TRUE,$CM16=DASHBOARD!$C$4),IF(DASHBOARD!$C$6="All",TRUE,$CP16=DASHBOARD!$C$6),IF(DASHBOARD!$C$8="All",TRUE,$AF16>=DASHBOARD!$C$8),IF(DASHBOARD!$C$10="All",TRUE,$AF16<=DASHBOARD!$C$10),IF(DASHBOARD!$C$12="All",TRUE,$AH16=VALUE(DASHBOARD!$C$12)),IF(DASHBOARD!$C$14="All",TRUE,$AJ16=DASHBOARD!$C$14)),1,0))
A17: 30256 | B17: Face Malai | H17: Tomato Vetiver (Hot Humid) 20 - 35 Yrs Face Malai | N17: FC-HHDM-TV-030 | T17: Aug 23, 2024 | AE17: New Delhi | AF17: 2024-08 | AG17: 8 | AH17: 1 | AI17: 0 | AJ17: =IF($AE17="","",IFERROR(VLOOKUP(TRIM($AE17),DECODE!$H$3:$I$60,2,FALSE),"Rest of India")) | AK17: =IF($N17="","",UPPER(TRIM(LEFT($N17&",",FIND(",",$N17&",")-1)))) | AL17: =IF($AK17="","",MID($AK17,4,FIND("~",SUBSTITUTE($AK17,"-","~",2))-4)) | AM17: =IF($AK17="","",MID($AK17,FIND("~",SUBSTITUTE($AK17,"-","~",2))+1,FIND("~",SUBSTITUTE($AK17,"-","~",3))-FIND("~",SUBSTITUTE($AK17,"-","~",2))-1)) | AN17: =IF($AL17="","",IFERROR(VLOOKUP($AL17,DECODE!$A$3:$C$8,3,FALSE),"?")) | AO17: =IF($AM17="","",IFERROR(VLOOKUP($AL17&"-"&$AM17,DECODE!$E$3:$F$21,2,FALSE),"?")) | AP17: =IF($AK17="","",IFERROR(VALUE(RIGHT($AK17,3)),"")) | AQ17: =IF($T17="","",IFERROR(IF(ISNUMBER($T17),$T17,DATEVALUE(TRIM($T17))),"")) | AR17: =IF($AQ17="","",IF(MONTH($AQ17)>=12,"Cold Winter",IF(MONTH($AQ17)>=10,"Post-Monsoon",IF(MONTH($AQ17)>=6,"Hot Humid",IF(MONTH($AQ17)>=3,"Hot Dry","Cold Winter"))))) | AS17: =IF($AL17="","",IFERROR(VLOOKUP($AL17,DECODE!$A$3:$C$8,2,FALSE),"?")) | AT17: =IF($O17="","",UPPER(TRIM(LEFT($O17&",",FIND(",",$O17&",")-1)))) | AU17: =IF($AT17="","",MID($AT17,4,FIND("~",SUBSTITUTE($AT17,"-","~",2))-4)) | AV17: =IF($AT17="","",MID($AT17,FIND("~",SUBSTITUTE($AT17,"-","~",2))+1,FIND("~",SUBSTITUTE($AT17,"-","~",3))-FIND("~",SUBSTITUTE($AT17,"-","~",2))-1)) | AW17: =IF($AU17="","",IFERROR(VLOOKUP($AU17,DECODE!$A$3:$C$8,3,FALSE),"?")) | AX17: =IF($AV17="","",IFERROR(VLOOKUP($AU17&"-"&$AV17,DECODE!$E$3:$F$21,2,FALSE),"?")) | AY17: =IF($AT17="","",IFERROR(VALUE(RIGHT($AT17,3)),"")) | AZ17: =IF($U17="","",IFERROR(IF(ISNUMBER($U17),$U17,DATEVALUE(TRIM($U17))),"")) | BA17: =IF($AZ17="","",IF(MONTH($AZ17)>=12,"Cold Winter",IF(MONTH($AZ17)>=10,"Post-Monsoon",IF(MONTH($AZ17)>=6,"Hot Humid",IF(MONTH($AZ17)>=3,"Hot Dry","Cold Winter"))))) | BB17: =IF($AU17="","",IFERROR(VLOOKUP($AU17,DECODE!$A$3:$C$8,2,FALSE),"?")) | BC17: =IF($P17="","",UPPER(TRIM(LEFT($P17&",",FIND(",",$P17&",")-1)))) | BD17: =IF($BC17="","",MID($BC17,4,FIND("~",SUBSTITUTE($BC17,"-","~",2))-4)) | BE17: =IF($BC17="","",MID($BC17,FIND("~",SUBSTITUTE($BC17,"-","~",2))+1,FIND("~",SUBSTITUTE($BC17,"-","~",3))-FIND("~",SUBSTITUTE($BC17,"-","~",2))-1)) | BF17: =IF($BD17="","",IFERROR(VLOOKUP($BD17,DECODE!$A$3:$C$8,3,FALSE),"?")) | BG17: =IF($BE17="","",IFERROR(VLOOKUP($BD17&"-"&$BE17,DECODE!$E$3:$F$21,2,FALSE),"?")) | BH17: =IF($BC17="","",IFERROR(VALUE(RIGHT($BC17,3)),"")) | BI17: =IF($V17="","",IFERROR(IF(ISNUMBER($V17),$V17,DATEVALUE(TRIM($V17))),"")) | BJ17: =IF($BI17="","",IF(MONTH($BI17)>=12,"Cold Winter",IF(MONTH($BI17)>=10,"Post-Monsoon",IF(MONTH($BI17)>=6,"Hot Humid",IF(MONTH($BI17)>=3,"Hot Dry","Cold Winter"))))) | BK17: =IF($BD17="","",IFERROR(VLOOKUP($BD17,DECODE!$A$3:$C$8,2,FALSE),"?")) | BL17: =IF($Q17="","",UPPER(TRIM(LEFT($Q17&",",FIND(",",$Q17&",")-1)))) | BM17: =IF($BL17="","",MID($BL17,4,FIND("~",SUBSTITUTE($BL17,"-","~",2))-4)) | BN17: =IF($BL17="","",MID($BL17,FIND("~",SUBSTITUTE($BL17,"-","~",2))+1,FIND("~",SUBSTITUTE($BL17,"-","~",3))-FIND("~",SUBSTITUTE($BL17,"-","~",2))-1)) | BO17: =IF($BM17="","",IFERROR(VLOOKUP($BM17,DECODE!$A$3:$C$8,3,FALSE),"?")) | BP17: =IF($BN17="","",IFERROR(VLOOKUP($BM17&"-"&$BN17,DECODE!$E$3:$F$21,2,FALSE),"?")) | BQ17: =IF($BL17="","",IFERROR(VALUE(RIGHT($BL17,3)),"")) | BR17: =IF($W17="","",IFERROR(IF(ISNUMBER($W17),$W17,DATEVALUE(TRIM($W17))),"")) | BS17: =IF($BR17="","",IF(MONTH($BR17)>=12,"Cold Winter",IF(MONTH($BR17)>=10,"Post-Monsoon",IF(MONTH($BR17)>=6,"Hot Humid",IF(MONTH($BR17)>=3,"Hot Dry","Cold Winter"))))) | BT17: =IF($BM17="","",IFERROR(VLOOKUP($BM17,DECODE!$A$3:$C$8,2,FALSE),"?")) | BU17: =IF($R17="","",UPPER(TRIM(LEFT($R17&",",FIND(",",$R17&",")-1)))) | BV17: =IF($BU17="","",MID($BU17,4,FIND("~",SUBSTITUTE($BU17,"-","~",2))-4)) | BW17: =IF($BU17="","",MID($BU17,FIND("~",SUBSTITUTE($BU17,"-","~",2))+1,FIND("~",SUBSTITUTE($BU17,"-","~",3))-FIND("~",SUBSTITUTE($BU17,"-","~",2))-1)) | BX17: =IF($BV17="","",IFERROR(VLOOKUP($BV17,DECODE!$A$3:$C$8,3,FALSE),"?")) | BY17: =IF($BW17="","",IFERROR(VLOOKUP($BV17&"-"&$BW17,DECODE!$E$3:$F$21,2,FALSE),"?")) | BZ17: =IF($BU17="","",IFERROR(VALUE(RIGHT($BU17,3)),"")) | CA17: =IF($X17="","",IFERROR(IF(ISNUMBER($X17),$X17,DATEVALUE(TRIM($X17))),"")) | CB17: =IF($CA17="","",IF(MONTH($CA17)>=12,"Cold Winter",IF(MONTH($CA17)>=10,"Post-Monsoon",IF(MONTH($CA17)>=6,"Hot Humid",IF(MONTH($CA17)>=3,"Hot Dry","Cold Winter"))))) | CC17: =IF($BV17="","",IFERROR(VLOOKUP($BV17,DECODE!$A$3:$C$8,2,FALSE),"?")) | CD17: =IF($S17="","",UPPER(TRIM(LEFT($S17&",",FIND(",",$S17&",")-1)))) | CE17: =IF($CD17="","",MID($CD17,4,FIND("~",SUBSTITUTE($CD17,"-","~",2))-4)) | CF17: =IF($CD17="","",MID($CD17,FIND("~",SUBSTITUTE($CD17,"-","~",2))+1,FIND("~",SUBSTITUTE($CD17,"-","~",3))-FIND("~",SUBSTITUTE($CD17,"-","~",2))-1)) | CG17: =IF($CE17="","",IFERROR(VLOOKUP($CE17,DECODE!$A$3:$C$8,3,FALSE),"?")) | CH17: =IF($CF17="","",IFERROR(VLOOKUP($CE17&"-"&$CF17,DECODE!$E$3:$F$21,2,FALSE),"?")) | CI17: =IF($CD17="","",IFERROR(VALUE(RIGHT($CD17,3)),"")) | CJ17: =IF($Y17="","",IFERROR(IF(ISNUMBER($Y17),$Y17,DATEVALUE(TRIM($Y17))),"")) | CK17: =IF($CJ17="","",IF(MONTH($CJ17)>=12,"Cold Winter",IF(MONTH($CJ17)>=10,"Post-Monsoon",IF(MONTH($CJ17)>=6,"Hot Humid",IF(MONTH($CJ17)>=3,"Hot Dry","Cold Winter"))))) | CL17: =IF($CE17="","",IFERROR(VLOOKUP($CE17,DECODE!$A$3:$C$8,2,FALSE),"?")) | CM17: =IF($AN17="","",AN17) | CN17: =IF($AO17="","",AO17) | CO17: =IF($AP17="","",AP17) | CP17: =IF($CM17="","",IF($CM17="Aloe Vera Gel","Aloe Vera Gel "&$CO17&"g",CN17&" "&$CO17&"g")) | CQ17: =IF($AT17="",0,1) | CR17: =IF($CQ17=0,"",AW17) | CS17: =IF($CQ17=0,"",AX17) | CT17: =IF($CQ17=0,"",AY17) | CU17: =IF($CR17="","",IF($CR17="Aloe Vera Gel","Aloe Vera Gel "&$CT17&"g",CS17&" "&$CT17&"g")) | CV17: =IF($CQ17=0,"",IF($CP17=$CU17,"Repeat Exact",IF($CT17>$CO17,"Upsized",IF($CT17<$CO17,"Downsized",IF($CM17<>$CR17,"Lateral","Same Size Diff Variant"))))) | CW17: =IF($CQ17=0,"",AZ17-AQ17) | CX17: =IF($CQ17=0,0,IF(CS17=CN17,1,0)) | CY17: =IF($CQ17=0,0,IF(CR17=CM17,1,0)) | CZ17: =IF($A17="","",IF(AND(IF(DASHBOARD!$C$4="All",TRUE,$CM17=DASHBOARD!$C$4),IF(DASHBOARD!$C$6="All",TRUE,$CP17=DASHBOARD!$C$6),IF(DASHBOARD!$C$8="All",TRUE,$AF17>=DASHBOARD!$C$8),IF(DASHBOARD!$C$10="All",TRUE,$AF17<=DASHBOARD!$C$10),IF(DASHBOARD!$C$12="All",TRUE,$AH17=VALUE(DASHBOARD!$C$12)),IF(DASHBOARD!$C$14="All",TRUE,$AJ17=DASHBOARD!$C$14)),1,0))
A18: 30491 | B18: Face Malai | H18: Turmeric Nutmeg (Pigmentation) Face Malai - 50g , Tomato Patchouli (Cold) 20 - 35 Yrs Face Malai | N18: FC-CWDM-TP-030, FC-DM-PG-050 | T18: Nov 10, 2025 | AE18: New Delhi | AF18: 2025-11 | AG18: 11 | AH18: 1 | AI18: 0 | AJ18: =IF($AE18="","",IFERROR(VLOOKUP(TRIM($AE18),DECODE!$H$3:$I$60,2,FALSE),"Rest of India")) | AK18: =IF($N18="","",UPPER(TRIM(LEFT($N18&",",FIND(",",$N18&",")-1)))) | AL18: =IF($AK18="","",MID($AK18,4,FIND("~",SUBSTITUTE($AK18,"-","~",2))-4)) | AM18: =IF($AK18="","",MID($AK18,FIND("~",SUBSTITUTE($AK18,"-","~",2))+1,FIND("~",SUBSTITUTE($AK18,"-","~",3))-FIND("~",SUBSTITUTE($AK18,"-","~",2))-1)) | AN18: =IF($AL18="","",IFERROR(VLOOKUP($AL18,DECODE!$A$3:$C$8,3,FALSE),"?")) | AO18: =IF($AM18="","",IFERROR(VLOOKUP($AL18&"-"&$AM18,DECODE!$E$3:$F$21,2,FALSE),"?")) | AP18: =IF($AK18="","",IFERROR(VALUE(RIGHT($AK18,3)),"")) | AQ18: =IF($T18="","",IFERROR(IF(ISNUMBER($T18),$T18,DATEVALUE(TRIM($T18))),"")) | AR18: =IF($AQ18="","",IF(MONTH($AQ18)>=12,"Cold Winter",IF(MONTH($AQ18)>=10,"Post-Monsoon",IF(MONTH($AQ18)>=6,"Hot Humid",IF(MONTH($AQ18)>=3,"Hot Dry","Cold Winter"))))) | AS18: =IF($AL18="","",IFERROR(VLOOKUP($AL18,DECODE!$A$3:$C$8,2,FALSE),"?")) | AT18: =IF($O18="","",UPPER(TRIM(LEFT($O18&",",FIND(",",$O18&",")-1)))) | AU18: =IF($AT18="","",MID($AT18,4,FIND("~",SUBSTITUTE($AT18,"-","~",2))-4)) | AV18: =IF($AT18="","",MID($AT18,FIND("~",SUBSTITUTE($AT18,"-","~",2))+1,FIND("~",SUBSTITUTE($AT18,"-","~",3))-FIND("~",SUBSTITUTE($AT18,"-","~",2))-1)) | AW18: =IF($AU18="","",IFERROR(VLOOKUP($AU18,DECODE!$A$3:$C$8,3,FALSE),"?")) | AX18: =IF($AV18="","",IFERROR(VLOOKUP($AU18&"-"&$AV18,DECODE!$E$3:$F$21,2,FALSE),"?")) | AY18: =IF($AT18="","",IFERROR(VALUE(RIGHT($AT18,3)),"")) | AZ18: =IF($U18="","",IFERROR(IF(ISNUMBER($U18),$U18,DATEVALUE(TRIM($U18))),"")) | BA18: =IF($AZ18="","",IF(MONTH($AZ18)>=12,"Cold Winter",IF(MONTH($AZ18)>=10,"Post-Monsoon",IF(MONTH($AZ18)>=6,"Hot Humid",IF(MONTH($AZ18)>=3,"Hot Dry","Cold Winter"))))) | BB18: =IF($AU18="","",IFERROR(VLOOKUP($AU18,DECODE!$A$3:$C$8,2,FALSE),"?")) | BC18: =IF($P18="","",UPPER(TRIM(LEFT($P18&",",FIND(",",$P18&",")-1)))) | BD18: =IF($BC18="","",MID($BC18,4,FIND("~",SUBSTITUTE($BC18,"-","~",2))-4)) | BE18: =IF($BC18="","",MID($BC18,FIND("~",SUBSTITUTE($BC18,"-","~",2))+1,FIND("~",SUBSTITUTE($BC18,"-","~",3))-FIND("~",SUBSTITUTE($BC18,"-","~",2))-1)) | BF18: =IF($BD18="","",IFERROR(VLOOKUP($BD18,DECODE!$A$3:$C$8,3,FALSE),"?")) | BG18: =IF($BE18="","",IFERROR(VLOOKUP($BD18&"-"&$BE18,DECODE!$E$3:$F$21,2,FALSE),"?")) | BH18: =IF($BC18="","",IFERROR(VALUE(RIGHT($BC18,3)),"")) | BI18: =IF($V18="","",IFERROR(IF(ISNUMBER($V18),$V18,DATEVALUE(TRIM($V18))),"")) | BJ18: =IF($BI18="","",IF(MONTH($BI18)>=12,"Cold Winter",IF(MONTH($BI18)>=10,"Post-Monsoon",IF(MONTH($BI18)>=6,"Hot Humid",IF(MONTH($BI18)>=3,"Hot Dry","Cold Winter"))))) | BK18: =IF($BD18="","",IFERROR(VLOOKUP($BD18,DECODE!$A$3:$C$8,2,FALSE),"?")) | BL18: =IF($Q18="","",UPPER(TRIM(LEFT($Q18&",",FIND(",",$Q18&",")-1)))) | BM18: =IF($BL18="","",MID($BL18,4,FIND("~",SUBSTITUTE($BL18,"-","~",2))-4)) | BN18: =IF($BL18="","",MID($BL18,FIND("~",SUBSTITUTE($BL18,"-","~",2))+1,FIND("~",SUBSTITUTE($BL18,"-","~",3))-FIND("~",SUBSTITUTE($BL18,"-","~",2))-1)) | BO18: =IF($BM18="","",IFERROR(VLOOKUP($BM18,DECODE!$A$3:$C$8,3,FALSE),"?")) | BP18: =IF($BN18="","",IFERROR(VLOOKUP($BM18&"-"&$BN18,DECODE!$E$3:$F$21,2,FALSE),"?")) | BQ18: =IF($BL18="","",IFERROR(VALUE(RIGHT($BL18,3)),"")) | BR18: =IF($W18="","",IFERROR(IF(ISNUMBER($W18),$W18,DATEVALUE(TRIM($W18))),"")) | BS18: =IF($BR18="","",IF(MONTH($BR18)>=12,"Cold Winter",IF(MONTH($BR18)>=10,"Post-Monsoon",IF(MONTH($BR18)>=6,"Hot Humid",IF(MONTH($BR18)>=3,"Hot Dry","Cold Winter"))))) | BT18: =IF($BM18="","",IFERROR(VLOOKUP($BM18,DECODE!$A$3:$C$8,2,FALSE),"?")) | BU18: =IF($R18="","",UPPER(TRIM(LEFT($R18&",",FIND(",",$R18&",")-1)))) | BV18: =IF($BU18="","",MID($BU18,4,FIND("~",SUBSTITUTE($BU18,"-","~",2))-4)) | BW18: =IF($BU18="","",MID($BU18,FIND("~",SUBSTITUTE($BU18,"-","~",2))+1,FIND("~",SUBSTITUTE($BU18,"-","~",3))-FIND("~",SUBSTITUTE($BU18,"-","~",2))-1)) | BX18: =IF($BV18="","",IFERROR(VLOOKUP($BV18,DECODE!$A$3:$C$8,3,FALSE),"?")) | BY18: =IF($BW18="","",IFERROR(VLOOKUP($BV18&"-"&$BW18,DECODE!$E$3:$F$21,2,FALSE),"?")) | BZ18: =IF($BU18="","",IFERROR(VALUE(RIGHT($BU18,3)),"")) | CA18: =IF($X18="","",IFERROR(IF(ISNUMBER($X18),$X18,DATEVALUE(TRIM($X18))),"")) | CB18: =IF($CA18="","",IF(MONTH($CA18)>=12,"Cold Winter",IF(MONTH($CA18)>=10,"Post-Monsoon",IF(MONTH($CA18)>=6,"Hot Humid",IF(MONTH($CA18)>=3,"Hot Dry","Cold Winter"))))) | CC18: =IF($BV18="","",IFERROR(VLOOKUP($BV18,DECODE!$A$3:$C$8,2,FALSE),"?")) | CD18: =IF($S18="","",UPPER(TRIM(LEFT($S18&",",FIND(",",$S18&",")-1)))) | CE18: =IF($CD18="","",MID($CD18,4,FIND("~",SUBSTITUTE($CD18,"-","~",2))-4)) | CF18: =IF($CD18="","",MID($CD18,FIND("~",SUBSTITUTE($CD18,"-","~",2))+1,FIND("~",SUBSTITUTE($CD18,"-","~",3))-FIND("~",SUBSTITUTE($CD18,"-","~",2))-1)) | CG18: =IF($CE18="","",IFERROR(VLOOKUP($CE18,DECODE!$A$3:$C$8,3,FALSE),"?")) | CH18: =IF($CF18="","",IFERROR(VLOOKUP($CE18&"-"&$CF18,DECODE!$E$3:$F$21,2,FALSE),"?")) | CI18: =IF($CD18="","",IFERROR(VALUE(RIGHT($CD18,3)),"")) | CJ18: =IF($Y18="","",IFERROR(IF(ISNUMBER($Y18),$Y18,DATEVALUE(TRIM($Y18))),"")) | CK18: =IF($CJ18="","",IF(MONTH($CJ18)>=12,"Cold Winter",IF(MONTH($CJ18)>=10,"Post-Monsoon",IF(MONTH($CJ18)>=6,"Hot Humid",IF(MONTH($CJ18)>=3,"Hot Dry","Cold Winter"))))) | CL18: =IF($CE18="","",IFERROR(VLOOKUP($CE18,DECODE!$A$3:$C$8,2,FALSE),"?")) | CM18: =IF($AN18="","",AN18) | CN18: =IF($AO18="","",AO18) | CO18: =IF($AP18="","",AP18) | CP18: =IF($CM18="","",IF($CM18="Aloe Vera Gel","Aloe Vera Gel "&$CO18&"g",CN18&" "&$CO18&"g")) | CQ18: =IF($AT18="",0,1) | CR18: =IF($CQ18=0,"",AW18) | CS18: =IF($CQ18=0,"",AX18) | CT18: =IF($CQ18=0,"",AY18) | CU18: =IF($CR18="","",IF($CR18="Aloe Vera Gel","Aloe Vera Gel "&$CT18&"g",CS18&" "&$CT18&"g")) | CV18: =IF($CQ18=0,"",IF($CP18=$CU18,"Repeat Exact",IF($CT18>$CO18,"Upsized",IF($CT18<$CO18,"Downsized",IF($CM18<>$CR18,"Lateral","Same Size Diff Variant"))))) | CW18: =IF($CQ18=0,"",AZ18-AQ18) | CX18: =IF($CQ18=0,0,IF(CS18=CN18,1,0)) | CY18: =IF($CQ18=0,0,IF(CR18=CM18,1,0)) | CZ18: =IF($A18="","",IF(AND(IF(DASHBOARD!$C$4="All",TRUE,$CM18=DASHBOARD!$C$4),IF(DASHBOARD!$C$6="All",TRUE,$CP18=DASHBOARD!$C$6),IF(DASHBOARD!$C$8="All",TRUE,$AF18>=DASHBOARD!$C$8),IF(DASHBOARD!$C$10="All",TRUE,$AF18<=DASHBOARD!$C$10),IF(DASHBOARD!$C$12="All",TRUE,$AH18=VALUE(DASHBOARD!$C$12)),IF(DASHBOARD!$C$14="All",TRUE,$AJ18=DASHBOARD!$C$14)),1,0))
A19: 30705 | B19: Face Malai | H19: Flax Carrot (Hot Humid) 35+ Face Malai - 30g | N19: FC-HHDM-FC-030 | T19: Feb 25, 2024 | AE19: New Delhi | AF19: 2024-02 | AG19: 2 | AH19: 1 | AI19: 0 | AJ19: =IF($AE19="","",IFERROR(VLOOKUP(TRIM($AE19),DECODE!$H$3:$I$60,2,FALSE),"Rest of India")) | AK19: =IF($N19="","",UPPER(TRIM(LEFT($N19&",",FIND(",",$N19&",")-1)))) | AL19: =IF($AK19="","",MID($AK19,4,FIND("~",SUBSTITUTE($AK19,"-","~",2))-4)) | AM19: =IF($AK19="","",MID($AK19,FIND("~",SUBSTITUTE($AK19,"-","~",2))+1,FIND("~",SUBSTITUTE($AK19,"-","~",3))-FIND("~",SUBSTITUTE($AK19,"-","~",2))-1)) | AN19: =IF($AL19="","",IFERROR(VLOOKUP($AL19,DECODE!$A$3:$C$8,3,FALSE),"?")) | AO19: =IF($AM19="","",IFERROR(VLOOKUP($AL19&"-"&$AM19,DECODE!$E$3:$F$21,2,FALSE),"?")) | AP19: =IF($AK19="","",IFERROR(VALUE(RIGHT($AK19,3)),"")) | AQ19: =IF($T19="","",IFERROR(IF(ISNUMBER($T19),$T19,DATEVALUE(TRIM($T19))),"")) | AR19: =IF($AQ19="","",IF(MONTH($AQ19)>=12,"Cold Winter",IF(MONTH($AQ19)>=10,"Post-Monsoon",IF(MONTH($AQ19)>=6,"Hot Humid",IF(MONTH($AQ19)>=3,"Hot Dry","Cold Winter"))))) | AS19: =IF($AL19="","",IFERROR(VLOOKUP($AL19,DECODE!$A$3:$C$8,2,FALSE),"?")) | AT19: =IF($O19="","",UPPER(TRIM(LEFT($O19&",",FIND(",",$O19&",")-1)))) | AU19: =IF($AT19="","",MID($AT19,4,FIND("~",SUBSTITUTE($AT19,"-","~",2))-4)) | AV19: =IF($AT19="","",MID($AT19,FIND("~",SUBSTITUTE($AT19,"-","~",2))+1,FIND("~",SUBSTITUTE($AT19,"-","~",3))-FIND("~",SUBSTITUTE($AT19,"-","~",2))-1)) | AW19: =IF($AU19="","",IFERROR(VLOOKUP($AU19,DECODE!$A$3:$C$8,3,FALSE),"?")) | AX19: =IF($AV19="","",IFERROR(VLOOKUP($AU19&"-"&$AV19,DECODE!$E$3:$F$21,2,FALSE),"?")) | AY19: =IF($AT19="","",IFERROR(VALUE(RIGHT($AT19,3)),"")) | AZ19: =IF($U19="","",IFERROR(IF(ISNUMBER($U19),$U19,DATEVALUE(TRIM($U19))),"")) | BA19: =IF($AZ19="","",IF(MONTH($AZ19)>=12,"Cold Winter",IF(MONTH($AZ19)>=10,"Post-Monsoon",IF(MONTH($AZ19)>=6,"Hot Humid",IF(MONTH($AZ19)>=3,"Hot Dry","Cold Winter"))))) | BB19: =IF($AU19="","",IFERROR(VLOOKUP($AU19,DECODE!$A$3:$C$8,2,FALSE),"?")) | BC19: =IF($P19="","",UPPER(TRIM(LEFT($P19&",",FIND(",",$P19&",")-1)))) | BD19: =IF($BC19="","",MID($BC19,4,FIND("~",SUBSTITUTE($BC19,"-","~",2))-4)) | BE19: =IF($BC19="","",MID($BC19,FIND("~",SUBSTITUTE($BC19,"-","~",2))+1,FIND("~",SUBSTITUTE($BC19,"-","~",3))-FIND("~",SUBSTITUTE($BC19,"-","~",2))-1)) | BF19: =IF($BD19="","",IFERROR(VLOOKUP($BD19,DECODE!$A$3:$C$8,3,FALSE),"?")) | BG19: =IF($BE19="","",IFERROR(VLOOKUP($BD19&"-"&$BE19,DECODE!$E$3:$F$21,2,FALSE),"?")) | BH19: =IF($BC19="","",IFERROR(VALUE(RIGHT($BC19,3)),"")) | BI19: =IF($V19="","",IFERROR(IF(ISNUMBER($V19),$V19,DATEVALUE(TRIM($V19))),"")) | BJ19: =IF($BI19="","",IF(MONTH($BI19)>=12,"Cold Winter",IF(MONTH($BI19)>=10,"Post-Monsoon",IF(MONTH($BI19)>=6,"Hot Humid",IF(MONTH($BI19)>=3,"Hot Dry","Cold Winter"))))) | BK19: =IF($BD19="","",IFERROR(VLOOKUP($BD19,DECODE!$A$3:$C$8,2,FALSE),"?")) | BL19: =IF($Q19="","",UPPER(TRIM(LEFT($Q19&",",FIND(",",$Q19&",")-1)))) | BM19: =IF($BL19="","",MID($BL19,4,FIND("~",SUBSTITUTE($BL19,"-","~",2))-4)) | BN19: =IF($BL19="","",MID($BL19,FIND("~",SUBSTITUTE($BL19,"-","~",2))+1,FIND("~",SUBSTITUTE($BL19,"-","~",3))-FIND("~",SUBSTITUTE($BL19,"-","~",2))-1)) | BO19: =IF($BM19="","",IFERROR(VLOOKUP($BM19,DECODE!$A$3:$C$8,3,FALSE),"?")) | BP19: =IF($BN19="","",IFERROR(VLOOKUP($BM19&"-"&$BN19,DECODE!$E$3:$F$21,2,FALSE),"?")) | BQ19: =IF($BL19="","",IFERROR(VALUE(RIGHT($BL19,3)),"")) | BR19: =IF($W19="","",IFERROR(IF(ISNUMBER($W19),$W19,DATEVALUE(TRIM($W19))),"")) | BS19: =IF($BR19="","",IF(MONTH($BR19)>=12,"Cold Winter",IF(MONTH($BR19)>=10,"Post-Monsoon",IF(MONTH($BR19)>=6,"Hot Humid",IF(MONTH($BR19)>=3,"Hot Dry","Cold Winter"))))) | BT19: =IF($BM19="","",IFERROR(VLOOKUP($BM19,DECODE!$A$3:$C$8,2,FALSE),"?")) | BU19: =IF($R19="","",UPPER(TRIM(LEFT($R19&",",FIND(",",$R19&",")-1)))) | BV19: =IF($BU19="","",MID($BU19,4,FIND("~",SUBSTITUTE($BU19,"-","~",2))-4)) | BW19: =IF($BU19="","",MID($BU19,FIND("~",SUBSTITUTE($BU19,"-","~",2))+1,FIND("~",SUBSTITUTE($BU19,"-","~",3))-FIND("~",SUBSTITUTE($BU19,"-","~",2))-1)) | BX19: =IF($BV19="","",IFERROR(VLOOKUP($BV19,DECODE!$A$3:$C$8,3,FALSE),"?")) | BY19: =IF($BW19="","",IFERROR(VLOOKUP($BV19&"-"&$BW19,DECODE!$E$3:$F$21,2,FALSE),"?")) | BZ19: =IF($BU19="","",IFERROR(VALUE(RIGHT($BU19,3)),"")) | CA19: =IF($X19="","",IFERROR(IF(ISNUMBER($X19),$X19,DATEVALUE(TRIM($X19))),"")) | CB19: =IF($CA19="","",IF(MONTH($CA19)>=12,"Cold Winter",IF(MONTH($CA19)>=10,"Post-Monsoon",IF(MONTH($CA19)>=6,"Hot Humid",IF(MONTH($CA19)>=3,"Hot Dry","Cold Winter"))))) | CC19: =IF($BV19="","",IFERROR(VLOOKUP($BV19,DECODE!$A$3:$C$8,2,FALSE),"?")) | CD19: =IF($S19="","",UPPER(TRIM(LEFT($S19&",",FIND(",",$S19&",")-1)))) | CE19: =IF($CD19="","",MID($CD19,4,FIND("~",SUBSTITUTE($CD19,"-","~",2))-4)) | CF19: =IF($CD19="","",MID($CD19,FIND("~",SUBSTITUTE($CD19,"-","~",2))+1,FIND("~",SUBSTITUTE($CD19,"-","~",3))-FIND("~",SUBSTITUTE($CD19,"-","~",2))-1)) | CG19: =IF($CE19="","",IFERROR(VLOOKUP($CE19,DECODE!$A$3:$C$8,3,FALSE),"?")) | CH19: =IF($CF19="","",IFERROR(VLOOKUP($CE19&"-"&$CF19,DECODE!$E$3:$F$21,2,FALSE),"?")) | CI19: =IF($CD19="","",IFERROR(VALUE(RIGHT($CD19,3)),"")) | CJ19: =IF($Y19="","",IFERROR(IF(ISNUMBER($Y19),$Y19,DATEVALUE(TRIM($Y19))),"")) | CK19: =IF($CJ19="","",IF(MONTH($CJ19)>=12,"Cold Winter",IF(MONTH($CJ19)>=10,"Post-Monsoon",IF(MONTH($CJ19)>=6,"Hot Humid",IF(MONTH($CJ19)>=3,"Hot Dry","Cold Winter"))))) | CL19: =IF($CE19="","",IFERROR(VLOOKUP($CE19,DECODE!$A$3:$C$8,2,FALSE),"?")) | CM19: =IF($AN19="","",AN19) | CN19: =IF($AO19="","",AO19) | CO19: =IF($AP19="","",AP19) | CP19: =IF($CM19="","",IF($CM19="Aloe Vera Gel","Aloe Vera Gel "&$CO19&"g",CN19&" "&$CO19&"g")) | CQ19: =IF($AT19="",0,1) | CR19: =IF($CQ19=0,"",AW19) | CS19: =IF($CQ19=0,"",AX19) | CT19: =IF($CQ19=0,"",AY19) | CU19: =IF($CR19="","",IF($CR19="Aloe Vera Gel","Aloe Vera Gel "&$CT19&"g",CS19&" "&$CT19&"g")) | CV19: =IF($CQ19=0,"",IF($CP19=$CU19,"Repeat Exact",IF($CT19>$CO19,"Upsized",IF($CT19<$CO19,"Downsized",IF($CM19<>$CR19,"Lateral","Same Size Diff Variant"))))) | CW19: =IF($CQ19=0,"",AZ19-AQ19) | CX19: =IF($CQ19=0,0,IF(CS19=CN19,1,0)) | CY19: =IF($CQ19=0,0,IF(CR19=CM19,1,0)) | CZ19: =IF($A19="","",IF(AND(IF(DASHBOARD!$C$4="All",TRUE,$CM19=DASHBOARD!$C$4),IF(DASHBOARD!$C$6="All",TRUE,$CP19=DASHBOARD!$C$6),IF(DASHBOARD!$C$8="All",TRUE,$AF19>=DASHBOARD!$C$8),IF(DASHBOARD!$C$10="All",TRUE,$AF19<=DASHBOARD!$C$10),IF(DASHBOARD!$C$12="All",TRUE,$AH19=VALUE(DASHBOARD!$C$12)),IF(DASHBOARD!$C$14="All",TRUE,$AJ19=DASHBOARD!$C$14)),1,0))
A20: 31079 | B20: Face Malai | C20: Aloe Vera Gel | H20: Turmeric Nutmeg (Pigmentation) Face Malai - 30g | I20: Aloe Vera Gel - 80 gms | N20: FC-DM-PG-030 | O20: FC-HG-PA-080 | T20: Jan 13, 2024 | U20: Mar 1, 2026 | Z20: 778 | AE20: New Delhi | AF20: 2024-01 | AG20: 1 | AH20: 2 | AI20: 1 | AJ20: =IF($AE20="","",IFERROR(VLOOKUP(TRIM($AE20),DECODE!$H$3:$I$60,2,FALSE),"Rest of India")) | AK20: =IF($N20="","",UPPER(TRIM(LEFT($N20&",",FIND(",",$N20&",")-1)))) | AL20: =IF($AK20="","",MID($AK20,4,FIND("~",SUBSTITUTE($AK20,"-","~",2))-4)) | AM20: =IF($AK20="","",MID($AK20,FIND("~",SUBSTITUTE($AK20,"-","~",2))+1,FIND("~",SUBSTITUTE($AK20,"-","~",3))-FIND("~",SUBSTITUTE($AK20,"-","~",2))-1)) | AN20: =IF($AL20="","",IFERROR(VLOOKUP($AL20,DECODE!$A$3:$C$8,3,FALSE),"?")) | AO20: =IF($AM20="","",IFERROR(VLOOKUP($AL20&"-"&$AM20,DECODE!$E$3:$F$21,2,FALSE),"?")) | AP20: =IF($AK20="","",IFERROR(VALUE(RIGHT($AK20,3)),"")) | AQ20: =IF($T20="","",IFERROR(IF(ISNUMBER($T20),$T20,DATEVALUE(TRIM($T20))),"")) | AR20: =IF($AQ20="","",IF(MONTH($AQ20)>=12,"Cold Winter",IF(MONTH($AQ20)>=10,"Post-Monsoon",IF(MONTH($AQ20)>=6,"Hot Humid",IF(MONTH($AQ20)>=3,"Hot Dry","Cold Winter"))))) | AS20: =IF($AL20="","",IFERROR(VLOOKUP($AL20,DECODE!$A$3:$C$8,2,FALSE),"?")) | AT20: =IF($O20="","",UPPER(TRIM(LEFT($O20&",",FIND(",",$O20&",")-1)))) | AU20: =IF($AT20="","",MID($AT20,4,FIND("~",SUBSTITUTE($AT20,"-","~",2))-4)) | AV20: =IF($AT20="","",MID($AT20,FIND("~",SUBSTITUTE($AT20,"-","~",2))+1,FIND("~",SUBSTITUTE($AT20,"-","~",3))-FIND("~",SUBSTITUTE($AT20,"-","~",2))-1)) | AW20: =IF($AU20="","",IFERROR(VLOOKUP($AU20,DECODE!$A$3:$C$8,3,FALSE),"?")) | AX20: =IF($AV20="","",IFERROR(VLOOKUP($AU20&"-"&$AV20,DECODE!$E$3:$F$21,2,FALSE),"?")) | AY20: =IF($AT20="","",IFERROR(VALUE(RIGHT($AT20,3)),"")) | AZ20: =IF($U20="","",IFERROR(IF(ISNUMBER($U20),$U20,DATEVALUE(TRIM($U20))),"")) | BA20: =IF($AZ20="","",IF(MONTH($AZ20)>=12,"Cold Winter",IF(MONTH($AZ20)>=10,"Post-Monsoon",IF(MONTH($AZ20)>=6,"Hot Humid",IF(MONTH($AZ20)>=3,"Hot Dry","Cold Winter"))))) | BB20: =IF($AU20="","",IFERROR(VLOOKUP($AU20,DECODE!$A$3:$C$8,2,FALSE),"?")) | BC20: =IF($P20="","",UPPER(TRIM(LEFT($P20&",",FIND(",",$P20&",")-1)))) | BD20: =IF($BC20="","",MID($BC20,4,FIND("~",SUBSTITUTE($BC20,"-","~",2))-4)) | BE20: =IF($BC20="","",MID($BC20,FIND("~",SUBSTITUTE($BC20,"-","~",2))+1,FIND("~",SUBSTITUTE($BC20,"-","~",3))-FIND("~",SUBSTITUTE($BC20,"-","~",2))-1)) | BF20: =IF($BD20="","",IFERROR(VLOOKUP($BD20,DECODE!$A$3:$C$8,3,FALSE),"?")) | BG20: =IF($BE20="","",IFERROR(VLOOKUP($BD20&"-"&$BE20,DECODE!$E$3:$F$21,2,FALSE),"?")) | BH20: =IF($BC20="","",IFERROR(VALUE(RIGHT($BC20,3)),"")) | BI20: =IF($V20="","",IFERROR(IF(ISNUMBER($V20),$V20,DATEVALUE(TRIM($V20))),"")) | BJ20: =IF($BI20="","",IF(MONTH($BI20)>=12,"Cold Winter",IF(MONTH($BI20)>=10,"Post-Monsoon",IF(MONTH($BI20)>=6,"Hot Humid",IF(MONTH($BI20)>=3,"Hot Dry","Cold Winter"))))) | BK20: =IF($BD20="","",IFERROR(VLOOKUP($BD20,DECODE!$A$3:$C$8,2,FALSE),"?")) | BL20: =IF($Q20="","",UPPER(TRIM(LEFT($Q20&",",FIND(",",$Q20&",")-1)))) | BM20: =IF($BL20="","",MID($BL20,4,FIND("~",SUBSTITUTE($BL20,"-","~",2))-4)) | BN20: =IF($BL20="","",MID($BL20,FIND("~",SUBSTITUTE($BL20,"-","~",2))+1,FIND("~",SUBSTITUTE($BL20,"-","~",3))-FIND("~",SUBSTITUTE($BL20,"-","~",2))-1)) | BO20: =IF($BM20="","",IFERROR(VLOOKUP($BM20,DECODE!$A$3:$C$8,3,FALSE),"?")) | BP20: =IF($BN20="","",IFERROR(VLOOKUP($BM20&"-"&$BN20,DECODE!$E$3:$F$21,2,FALSE),"?")) | BQ20: =IF($BL20="","",IFERROR(VALUE(RIGHT($BL20,3)),"")) | BR20: =IF($W20="","",IFERROR(IF(ISNUMBER($W20),$W20,DATEVALUE(TRIM($W20))),"")) | BS20: =IF($BR20="","",IF(MONTH($BR20)>=12,"Cold Winter",IF(MONTH($BR20)>=10,"Post-Monsoon",IF(MONTH($BR20)>=6,"Hot Humid",IF(MONTH($BR20)>=3,"Hot Dry","Cold Winter"))))) | BT20: =IF($BM20="","",IFERROR(VLOOKUP($BM20,DECODE!$A$3:$C$8,2,FALSE),"?")) | BU20: =IF($R20="","",UPPER(TRIM(LEFT($R20&",",FIND(",",$R20&",")-1)))) | BV20: =IF($BU20="","",MID($BU20,4,FIND("~",SUBSTITUTE($BU20,"-","~",2))-4)) | BW20: =IF($BU20="","",MID($BU20,FIND("~",SUBSTITUTE($BU20,"-","~",2))+1,FIND("~",SUBSTITUTE($BU20,"-","~",3))-FIND("~",SUBSTITUTE($BU20,"-","~",2))-1)) | BX20: =IF($BV20="","",IFERROR(VLOOKUP($BV20,DECODE!$A$3:$C$8,3,FALSE),"?")) | BY20: =IF($BW20="","",IFERROR(VLOOKUP($BV20&"-"&$BW20,DECODE!$E$3:$F$21,2,FALSE),"?")) | BZ20: =IF($BU20="","",IFERROR(VALUE(RIGHT($BU20,3)),"")) | CA20: =IF($X20="","",IFERROR(IF(ISNUMBER($X20),$X20,DATEVALUE(TRIM($X20))),"")) | CB20: =IF($CA20="","",IF(MONTH($CA20)>=12,"Cold Winter",IF(MONTH($CA20)>=10,"Post-Monsoon",IF(MONTH($CA20)>=6,"Hot Humid",IF(MONTH($CA20)>=3,"Hot Dry","Cold Winter"))))) | CC20: =IF($BV20="","",IFERROR(VLOOKUP($BV20,DECODE!$A$3:$C$8,2,FALSE),"?")) | CD20: =IF($S20="","",UPPER(TRIM(LEFT($S20&",",FIND(",",$S20&",")-1)))) | CE20: =IF($CD20="","",MID($CD20,4,FIND("~",SUBSTITUTE($CD20,"-","~",2))-4)) | CF20: =IF($CD20="","",MID($CD20,FIND("~",SUBSTITUTE($CD20,"-","~",2))+1,FIND("~",SUBSTITUTE($CD20,"-","~",3))-FIND("~",SUBSTITUTE($CD20,"-","~",2))-1)) | CG20: =IF($CE20="","",IFERROR(VLOOKUP($CE20,DECODE!$A$3:$C$8,3,FALSE),"?")) | CH20: =IF($CF20="","",IFERROR(VLOOKUP($CE20&"-"&$CF20,DECODE!$E$3:$F$21,2,FALSE),"?")) | CI20: =IF($CD20="","",IFERROR(VALUE(RIGHT($CD20,3)),"")) | CJ20: =IF($Y20="","",IFERROR(IF(ISNUMBER($Y20),$Y20,DATEVALUE(TRIM($Y20))),"")) | CK20: =IF($CJ20="","",IF(MONTH($CJ20)>=12,"Cold Winter",IF(MONTH($CJ20)>=10,"Post-Monsoon",IF(MONTH($CJ20)>=6,"Hot Humid",IF(MONTH($CJ20)>=3,"Hot Dry","Cold Winter"))))) | CL20: =IF($CE20="","",IFERROR(VLOOKUP($CE20,DECODE!$A$3:$C$8,2,FALSE),"?")) | CM20: =IF($AN20="","",AN20) | CN20: =IF($AO20="","",AO20) | CO20: =IF($AP20="","",AP20) | CP20: =IF($CM20="","",IF($CM20="Aloe Vera Gel","Aloe Vera Gel "&$CO20&"g",CN20&" "&$CO20&"g")) | CQ20: =IF($AT20="",0,1) | CR20: =IF($CQ20=0,"",AW20) | CS20: =IF($CQ20=0,"",AX20) | CT20: =IF($CQ20=0,"",AY20) | CU20: =IF($CR20="","",IF($CR20="Aloe Vera Gel","Aloe Vera Gel "&$CT20&"g",CS20&" "&$CT20&"g")) | CV20: =IF($CQ20=0,"",IF($CP20=$CU20,"Repeat Exact",IF($CT20>$CO20,"Upsized",IF($CT20<$CO20,"Downsized",IF($CM20<>$CR20,"Lateral","Same Size Diff Variant"))))) | CW20: =IF($CQ20=0,"",AZ20-AQ20) | CX20: =IF($CQ20=0,0,IF(CS20=CN20,1,0)) | CY20: =IF($CQ20=0,0,IF(CR20=CM20,1,0)) | CZ20: =IF($A20="","",IF(AND(IF(DASHBOARD!$C$4="All",TRUE,$CM20=DASHBOARD!$C$4),IF(DASHBOARD!$C$6="All",TRUE,$CP20=DASHBOARD!$C$6),IF(DASHBOARD!$C$8="All",TRUE,$AF20>=DASHBOARD!$C$8),IF(DASHBOARD!$C$10="All",TRUE,$AF20<=DASHBOARD!$C$10),IF(DASHBOARD!$C$12="All",TRUE,$AH20=VALUE(DASHBOARD!$C$12)),IF(DASHBOARD!$C$14="All",TRUE,$AJ20=DASHBOARD!$C$14)),1,0))
A21: 31176 | B21: Aloe Vera Gel | H21: Aloe Vera Gel - 40 gms | N21: FC-HG-PA-040 | T21: Mar 22, 2024 | AE21: Ghaziabad | AF21: 2024-03 | AG21: 3 | AH21: 1 | AI21: 0 | AJ21: =IF($AE21="","",IFERROR(VLOOKUP(TRIM($AE21),DECODE!$H$3:$I$60,2,FALSE),"Rest of India")) | AK21: =IF($N21="","",UPPER(TRIM(LEFT($N21&",",FIND(",",$N21&",")-1)))) | AL21: =IF($AK21="","",MID($AK21,4,FIND("~",SUBSTITUTE($AK21,"-","~",2))-4)) | AM21: =IF($AK21="","",MID($AK21,FIND("~",SUBSTITUTE($AK21,"-","~",2))+1,FIND("~",SUBSTITUTE($AK21,"-","~",3))-FIND("~",SUBSTITUTE($AK21,"-","~",2))-1)) | AN21: =IF($AL21="","",IFERROR(VLOOKUP($AL21,DECODE!$A$3:$C$8,3,FALSE),"?")) | AO21: =IF($AM21="","",IFERROR(VLOOKUP($AL21&"-"&$AM21,DECODE!$E$3:$F$21,2,FALSE),"?")) | AP21: =IF($AK21="","",IFERROR(VALUE(RIGHT($AK21,3)),"")) | AQ21: =IF($T21="","",IFERROR(IF(ISNUMBER($T21),$T21,DATEVALUE(TRIM($T21))),"")) | AR21: =IF($AQ21="","",IF(MONTH($AQ21)>=12,"Cold Winter",IF(MONTH($AQ21)>=10,"Post-Monsoon",IF(MONTH($AQ21)>=6,"Hot Humid",IF(MONTH($AQ21)>=3,"Hot Dry","Cold Winter"))))) | AS21: =IF($AL21="","",IFERROR(VLOOKUP($AL21,DECODE!$A$3:$C$8,2,FALSE),"?")) | AT21: =IF($O21="","",UPPER(TRIM(LEFT($O21&",",FIND(",",$O21&",")-1)))) | AU21: =IF($AT21="","",MID($AT21,4,FIND("~",SUBSTITUTE($AT21,"-","~",2))-4)) | AV21: =IF($AT21="","",MID($AT21,FIND("~",SUBSTITUTE($AT21,"-","~",2))+1,FIND("~",SUBSTITUTE($AT21,"-","~",3))-FIND("~",SUBSTITUTE($AT21,"-","~",2))-1)) | AW21: =IF($AU21="","",IFERROR(VLOOKUP($AU21,DECODE!$A$3:$C$8,3,FALSE),"?")) | AX21: =IF($AV21="","",IFERROR(VLOOKUP($AU21&"-"&$AV21,DECODE!$E$3:$F$21,2,FALSE),"?")) | AY21: =IF($AT21="","",IFERROR(VALUE(RIGHT($AT21,3)),"")) | AZ21: =IF($U21="","",IFERROR(IF(ISNUMBER($U21),$U21,DATEVALUE(TRIM($U21))),"")) | BA21: =IF($AZ21="","",IF(MONTH($AZ21)>=12,"Cold Winter",IF(MONTH($AZ21)>=10,"Post-Monsoon",IF(MONTH($AZ21)>=6,"Hot Humid",IF(MONTH($AZ21)>=3,"Hot Dry","Cold Winter"))))) | BB21: =IF($AU21="","",IFERROR(VLOOKUP($AU21,DECODE!$A$3:$C$8,2,FALSE),"?")) | BC21: =IF($P21="","",UPPER(TRIM(LEFT($P21&",",FIND(",",$P21&",")-1)))) | BD21: =IF($BC21="","",MID($BC21,4,FIND("~",SUBSTITUTE($BC21,"-","~",2))-4)) | BE21: =IF($BC21="","",MID($BC21,FIND("~",SUBSTITUTE($BC21,"-","~",2))+1,FIND("~",SUBSTITUTE($BC21,"-","~",3))-FIND("~",SUBSTITUTE($BC21,"-","~",2))-1)) | BF21: =IF($BD21="","",IFERROR(VLOOKUP($BD21,DECODE!$A$3:$C$8,3,FALSE),"?")) | BG21: =IF($BE21="","",IFERROR(VLOOKUP($BD21&"-"&$BE21,DECODE!$E$3:$F$21,2,FALSE),"?")) | BH21: =IF($BC21="","",IFERROR(VALUE(RIGHT($BC21,3)),"")) | BI21: =IF($V21="","",IFERROR(IF(ISNUMBER($V21),$V21,DATEVALUE(TRIM($V21))),"")) | BJ21: =IF($BI21="","",IF(MONTH($BI21)>=12,"Cold Winter",IF(MONTH($BI21)>=10,"Post-Monsoon",IF(MONTH($BI21)>=6,"Hot Humid",IF(MONTH($BI21)>=3,"Hot Dry","Cold Winter"))))) | BK21: =IF($BD21="","",IFERROR(VLOOKUP($BD21,DECODE!$A$3:$C$8,2,FALSE),"?")) | BL21: =IF($Q21="","",UPPER(TRIM(LEFT($Q21&",",FIND(",",$Q21&",")-1)))) | BM21: =IF($BL21="","",MID($BL21,4,FIND("~",SUBSTITUTE($BL21,"-","~",2))-4)) | BN21: =IF($BL21="","",MID($BL21,FIND("~",SUBSTITUTE($BL21,"-","~",2))+1,FIND("~",SUBSTITUTE($BL21,"-","~",3))-FIND("~",SUBSTITUTE($BL21,"-","~",2))-1)) | BO21: =IF($BM21="","",IFERROR(VLOOKUP($BM21,DECODE!$A$3:$C$8,3,FALSE),"?")) | BP21: =IF($BN21="","",IFERROR(VLOOKUP($BM21&"-"&$BN21,DECODE!$E$3:$F$21,2,FALSE),"?")) | BQ21: =IF($BL21="","",IFERROR(VALUE(RIGHT($BL21,3)),"")) | BR21: =IF($W21="","",IFERROR(IF(ISNUMBER($W21),$W21,DATEVALUE(TRIM($W21))),"")) | BS21: =IF($BR21="","",IF(MONTH($BR21)>=12,"Cold Winter",IF(MONTH($BR21)>=10,"Post-Monsoon",IF(MONTH($BR21)>=6,"Hot Humid",IF(MONTH($BR21)>=3,"Hot Dry","Cold Winter"))))) | BT21: =IF($BM21="","",IFERROR(VLOOKUP($BM21,DECODE!$A$3:$C$8,2,FALSE),"?")) | BU21: =IF($R21="","",UPPER(TRIM(LEFT($R21&",",FIND(",",$R21&",")-1)))) | BV21: =IF($BU21="","",MID($BU21,4,FIND("~",SUBSTITUTE($BU21,"-","~",2))-4)) | BW21: =IF($BU21="","",MID($BU21,FIND("~",SUBSTITUTE($BU21,"-","~",2))+1,FIND("~",SUBSTITUTE($BU21,"-","~",3))-FIND("~",SUBSTITUTE($BU21,"-","~",2))-1)) | BX21: =IF($BV21="","",IFERROR(VLOOKUP($BV21,DECODE!$A$3:$C$8,3,FALSE),"?")) | BY21: =IF($BW21="","",IFERROR(VLOOKUP($BV21&"-"&$BW21,DECODE!$E$3:$F$21,2,FALSE),"?")) | BZ21: =IF($BU21="","",IFERROR(VALUE(RIGHT($BU21,3)),"")) | CA21: =IF($X21="","",IFERROR(IF(ISNUMBER($X21),$X21,DATEVALUE(TRIM($X21))),"")) | CB21: =IF($CA21="","",IF(MONTH($CA21)>=12,"Cold Winter",IF(MONTH($CA21)>=10,"Post-Monsoon",IF(MONTH($CA21)>=6,"Hot Humid",IF(MONTH($CA21)>=3,"Hot Dry","Cold Winter"))))) | CC21: =IF($BV21="","",IFERROR(VLOOKUP($BV21,DECODE!$A$3:$C$8,2,FALSE),"?")) | CD21: =IF($S21="","",UPPER(TRIM(LEFT($S21&",",FIND(",",$S21&",")-1)))) | CE21: =IF($CD21="","",MID($CD21,4,FIND("~",SUBSTITUTE($CD21,"-","~",2))-4)) | CF21: =IF($CD21="","",MID($CD21,FIND("~",SUBSTITUTE($CD21,"-","~",2))+1,FIND("~",SUBSTITUTE($CD21,"-","~",3))-FIND("~",SUBSTITUTE($CD21,"-","~",2))-1)) | CG21: =IF($CE21="","",IFERROR(VLOOKUP($CE21,DECODE!$A$3:$C$8,3,FALSE),"?")) | CH21: =IF($CF21="","",IFERROR(VLOOKUP($CE21&"-"&$CF21,DECODE!$E$3:$F$21,2,FALSE),"?")) | CI21: =IF($CD21="","",IFERROR(VALUE(RIGHT($CD21,3)),"")) | CJ21: =IF($Y21="","",IFERROR(IF(ISNUMBER($Y21),$Y21,DATEVALUE(TRIM($Y21))),"")) | CK21: =IF($CJ21="","",IF(MONTH($CJ21)>=12,"Cold Winter",IF(MONTH($CJ21)>=10,"Post-Monsoon",IF(MONTH($CJ21)>=6,"Hot Humid",IF(MONTH($CJ21)>=3,"Hot Dry","Cold Winter"))))) | CL21: =IF($CE21="","",IFERROR(VLOOKUP($CE21,DECODE!$A$3:$C$8,2,FALSE),"?")) | CM21: =IF($AN21="","",AN21) | CN21: =IF($AO21="","",AO21) | CO21: =IF($AP21="","",AP21) | CP21: =IF($CM21="","",IF($CM21="Aloe Vera Gel","Aloe Vera Gel "&$CO21&"g",CN21&" "&$CO21&"g")) | CQ21: =IF($AT21="",0,1) | CR21: =IF($CQ21=0,"",AW21) | CS21: =IF($CQ21=0,"",AX21) | CT21: =IF($CQ21=0,"",AY21) | CU21: =IF($CR21="","",IF($CR21="Aloe Vera Gel","Aloe Vera Gel "&$CT21&"g",CS21&" "&$CT21&"g")) | CV21: =IF($CQ21=0,"",IF($CP21=$CU21,"Repeat Exact",IF($CT21>$CO21,"Upsized",IF($CT21<$CO21,"Downsized",IF($CM21<>$CR21,"Lateral","Same Size Diff Variant"))))) | CW21: =IF($CQ21=0,"",AZ21-AQ21) | CX21: =IF($CQ21=0,0,IF(CS21=CN21,1,0)) | CY21: =IF($CQ21=0,0,IF(CR21=CM21,1,0)) | CZ21: =IF($A21="","",IF(AND(IF(DASHBOARD!$C$4="All",TRUE,$CM21=DASHBOARD!$C$4),IF(DASHBOARD!$C$6="All",TRUE,$CP21=DASHBOARD!$C$6),IF(DASHBOARD!$C$8="All",TRUE,$AF21>=DASHBOARD!$C$8),IF(DASHBOARD!$C$10="All",TRUE,$AF21<=DASHBOARD!$C$10),IF(DASHBOARD!$C$12="All",TRUE,$AH21=VALUE(DASHBOARD!$C$12)),IF(DASHBOARD!$C$14="All",TRUE,$AJ21=DASHBOARD!$C$14)),1,0))
A22: 31291 | B22: Face Malai | C22: Active Gel | D22: Face Malai | E22: Active Gel | F22: Active Gel | H22: Cocoa Mogra (Overnight) Face Malai - 30g | I22: Active Orange Kiwi Vit-C Gel | J22: Flax Walnut (Cold) 35+ Face Malai | K22: Active Orange Kiwi Vit-C Gel | L22: Active Orange Kiwi Vit-C Gel | N22: FC-DM-NR-030 | O22: FC-AC-OK-050 | P22: FC-CWDM-FW-030 | Q22: FC-AC-OK-050 | R22: FC-AC-OK-050 | T22: Oct 6, 2024 | U22: Oct 12, 2024 | V22: Dec 8, 2024 | W22: Feb 11, 2025 | X22: Feb 6, 2026 | Z22: 6 | AA22: 57 | AB22: 65 | AC22: 360 | AE22: Gautam Buddha Nagar | AF22: 2024-10 | AG22: 10 | AH22: 5 | AI22: 1 | AJ22: =IF($AE22="","",IFERROR(VLOOKUP(TRIM($AE22),DECODE!$H$3:$I$60,2,FALSE),"Rest of India")) | AK22: =IF($N22="","",UPPER(TRIM(LEFT($N22&",",FIND(",",$N22&",")-1)))) | AL22: =IF($AK22="","",MID($AK22,4,FIND("~",SUBSTITUTE($AK22,"-","~",2))-4)) | AM22: =IF($AK22="","",MID($AK22,FIND("~",SUBSTITUTE($AK22,"-","~",2))+1,FIND("~",SUBSTITUTE($AK22,"-","~",3))-FIND("~",SUBSTITUTE($AK22,"-","~",2))-1)) | AN22: =IF($AL22="","",IFERROR(VLOOKUP($AL22,DECODE!$A$3:$C$8,3,FALSE),"?")) | AO22: =IF($AM22="","",IFERROR(VLOOKUP($AL22&"-"&$AM22,DECODE!$E$3:$F$21,2,FALSE),"?")) | AP22: =IF($AK22="","",IFERROR(VALUE(RIGHT($AK22,3)),"")) | AQ22: =IF($T22="","",IFERROR(IF(ISNUMBER($T22),$T22,DATEVALUE(TRIM($T22))),"")) | AR22: =IF($AQ22="","",IF(MONTH($AQ22)>=12,"Cold Winter",IF(MONTH($AQ22)>=10,"Post-Monsoon",IF(MONTH($AQ22)>=6,"Hot Humid",IF(MONTH($AQ22)>=3,"Hot Dry","Cold Winter"))))) | AS22: =IF($AL22="","",IFERROR(VLOOKUP($AL22,DECODE!$A$3:$C$8,2,FALSE),"?")) | AT22: =IF($O22="","",UPPER(TRIM(LEFT($O22&",",FIND(",",$O22&",")-1)))) | AU22: =IF($AT22="","",MID($AT22,4,FIND("~",SUBSTITUTE($AT22,"-","~",2))-4)) | AV22: =IF($AT22="","",MID($AT22,FIND("~",SUBSTITUTE($AT22,"-","~",2))+1,FIND("~",SUBSTITUTE($AT22,"-","~",3))-FIND("~",SUBSTITUTE($AT22,"-","~",2))-1)) | AW22: =IF($AU22="","",IFERROR(VLOOKUP($AU22,DECODE!$A$3:$C$8,3,FALSE),"?")) | AX22: =IF($AV22="","",IFERROR(VLOOKUP($AU22&"-"&$AV22,DECODE!$E$3:$F$21,2,FALSE),"?")) | AY22: =IF($AT22="","",IFERROR(VALUE(RIGHT($AT22,3)),"")) | AZ22: =IF($U22="","",IFERROR(IF(ISNUMBER($U22),$U22,DATEVALUE(TRIM($U22))),"")) | BA22: =IF($AZ22="","",IF(MONTH($AZ22)>=12,"Cold Winter",IF(MONTH($AZ22)>=10,"Post-Monsoon",IF(MONTH($AZ22)>=6,"Hot Humid",IF(MONTH($AZ22)>=3,"Hot Dry","Cold Winter"))))) | BB22: =IF($AU22="","",IFERROR(VLOOKUP($AU22,DECODE!$A$3:$C$8,2,FALSE),"?")) | BC22: =IF($P22="","",UPPER(TRIM(LEFT($P22&",",FIND(",",$P22&",")-1)))) | BD22: =IF($BC22="","",MID($BC22,4,FIND("~",SUBSTITUTE($BC22,"-","~",2))-4)) | BE22: =IF($BC22="","",MID($BC22,FIND("~",SUBSTITUTE($BC22,"-","~",2))+1,FIND("~",SUBSTITUTE($BC22,"-","~",3))-FIND("~",SUBSTITUTE($BC22,"-","~",2))-1)) | BF22: =IF($BD22="","",IFERROR(VLOOKUP($BD22,DECODE!$A$3:$C$8,3,FALSE),"?")) | BG22: =IF($BE22="","",IFERROR(VLOOKUP($BD22&"-"&$BE22,DECODE!$E$3:$F$21,2,FALSE),"?")) | BH22: =IF($BC22="","",IFERROR(VALUE(RIGHT($BC22,3)),"")) | BI22: =IF($V22="","",IFERROR(IF(ISNUMBER($V22),$V22,DATEVALUE(TRIM($V22))),"")) | BJ22: =IF($BI22="","",IF(MONTH($BI22)>=12,"Cold Winter",IF(MONTH($BI22)>=10,"Post-Monsoon",IF(MONTH($BI22)>=6,"Hot Humid",IF(MONTH($BI22)>=3,"Hot Dry","Cold Winter"))))) | BK22: =IF($BD22="","",IFERROR(VLOOKUP($BD22,DECODE!$A$3:$C$8,2,FALSE),"?")) | BL22: =IF($Q22="","",UPPER(TRIM(LEFT($Q22&",",FIND(",",$Q22&",")-1)))) | BM22: =IF($BL22="","",MID($BL22,4,FIND("~",SUBSTITUTE($BL22,"-","~",2))-4)) | BN22: =IF($BL22="","",MID($BL22,FIND("~",SUBSTITUTE($BL22,"-","~",2))+1,FIND("~",SUBSTITUTE($BL22,"-","~",3))-FIND("~",SUBSTITUTE($BL22,"-","~",2))-1)) | BO22: =IF($BM22="","",IFERROR(VLOOKUP($BM22,DECODE!$A$3:$C$8,3,FALSE),"?")) | BP22: =IF($BN22="","",IFERROR(VLOOKUP($BM22&"-"&$BN22,DECODE!$E$3:$F$21,2,FALSE),"?")) | BQ22: =IF($BL22="","",IFERROR(VALUE(RIGHT($BL22,3)),"")) | BR22: =IF($W22="","",IFERROR(IF(ISNUMBER($W22),$W22,DATEVALUE(TRIM($W22))),"")) | BS22: =IF($BR22="","",IF(MONTH($BR22)>=12,"Cold Winter",IF(MONTH($BR22)>=10,"Post-Monsoon",IF(MONTH($BR22)>=6,"Hot Humid",IF(MONTH($BR22)>=3,"Hot Dry","Cold Winter"))))) | BT22: =IF($BM22="","",IFERROR(VLOOKUP($BM22,DECODE!$A$3:$C$8,2,FALSE),"?")) | BU22: =IF($R22="","",UPPER(TRIM(LEFT($R22&",",FIND(",",$R22&",")-1)))) | BV22: =IF($BU22="","",MID($BU22,4,FIND("~",SUBSTITUTE($BU22,"-","~",2))-4)) | BW22: =IF($BU22="","",MID($BU22,FIND("~",SUBSTITUTE($BU22,"-","~",2))+1,FIND("~",SUBSTITUTE($BU22,"-","~",3))-FIND("~",SUBSTITUTE($BU22,"-","~",2))-1)) | BX22: =IF($BV22="","",IFERROR(VLOOKUP($BV22,DECODE!$A$3:$C$8,3,FALSE),"?")) | BY22: =IF($BW22="","",IFERROR(VLOOKUP($BV22&"-"&$BW22,DECODE!$E$3:$F$21,2,FALSE),"?")) | BZ22: =IF($BU22="","",IFERROR(VALUE(RIGHT($BU22,3)),"")) | CA22: =IF($X22="","",IFERROR(IF(ISNUMBER($X22),$X22,DATEVALUE(TRIM($X22))),"")) | CB22: =IF($CA22="","",IF(MONTH($CA22)>=12,"Cold Winter",IF(MONTH($CA22)>=10,"Post-Monsoon",IF(MONTH($CA22)>=6,"Hot Humid",IF(MONTH($CA22)>=3,"Hot Dry","Cold Winter"))))) | CC22: =IF($BV22="","",IFERROR(VLOOKUP($BV22,DECODE!$A$3:$C$8,2,FALSE),"?")) | CD22: =IF($S22="","",UPPER(TRIM(LEFT($S22&",",FIND(",",$S22&",")-1)))) | CE22: =IF($CD22="","",MID($CD22,4,FIND("~",SUBSTITUTE($CD22,"-","~",2))-4)) | CF22: =IF($CD22="","",MID($CD22,FIND("~",SUBSTITUTE($CD22,"-","~",2))+1,FIND("~",SUBSTITUTE($CD22,"-","~",3))-FIND("~",SUBSTITUTE($CD22,"-","~",2))-1)) | CG22: =IF($CE22="","",IFERROR(VLOOKUP($CE22,DECODE!$A$3:$C$8,3,FALSE),"?")) | CH22: =IF($CF22="","",IFERROR(VLOOKUP($CE22&"-"&$CF22,DECODE!$E$3:$F$21,2,FALSE),"?")) | CI22: =IF($CD22="","",IFERROR(VALUE(RIGHT($CD22,3)),"")) | CJ22: =IF($Y22="","",IFERROR(IF(ISNUMBER($Y22),$Y22,DATEVALUE(TRIM($Y22))),"")) | CK22: =IF($CJ22="","",IF(MONTH($CJ22)>=12,"Cold Winter",IF(MONTH($CJ22)>=10,"Post-Monsoon",IF(MONTH($CJ22)>=6,"Hot Humid",IF(MONTH($CJ22)>=3,"Hot Dry","Cold Winter"))))) | CL22: =IF($CE22="","",IFERROR(VLOOKUP($CE22,DECODE!$A$3:$C$8,2,FALSE),"?")) | CM22: =IF($AN22="","",AN22) | CN22: =IF($AO22="","",AO22) | CO22: =IF($AP22="","",AP22) | CP22: =IF($CM22="","",IF($CM22="Aloe Vera Gel","Aloe Vera Gel "&$CO22&"g",CN22&" "&$CO22&"g")) | CQ22: =IF($AT22="",0,1) | CR22: =IF($CQ22=0,"",AW22) | CS22: =IF($CQ22=0,"",AX22) | CT22: =IF($CQ22=0,"",AY22) | CU22: =IF($CR22="","",IF($CR22="Aloe Vera Gel","Aloe Vera Gel "&$CT22&"g",CS22&" "&$CT22&"g")) | CV22: =IF($CQ22=0,"",IF($CP22=$CU22,"Repeat Exact",IF($CT22>$CO22,"Upsized",IF($CT22<$CO22,"Downsized",IF($CM22<>$CR22,"Lateral","Same Size Diff Variant"))))) | CW22: =IF($CQ22=0,"",AZ22-AQ22) | CX22: =IF($CQ22=0,0,IF(CS22=CN22,1,0)) | CY22: =IF($CQ22=0,0,IF(CR22=CM22,1,0)) | CZ22: =IF($A22="","",IF(AND(IF(DASHBOARD!$C$4="All",TRUE,$CM22=DASHBOARD!$C$4),IF(DASHBOARD!$C$6="All",TRUE,$CP22=DASHBOARD!$C$6),IF(DASHBOARD!$C$8="All",TRUE,$AF22>=DASHBOARD!$C$8),IF(DASHBOARD!$C$10="All",TRUE,$AF22<=DASHBOARD!$C$10),IF(DASHBOARD!$C$12="All",TRUE,$AH22=VALUE(DASHBOARD!$C$12)),IF(DASHBOARD!$C$14="All",TRUE,$AJ22=DASHBOARD!$C$14)),1,0))
A23: 31470 | B23: Face Malai | H23: Turmeric Nutmeg (Pigmentation) Face Malai - 30g | N23: FC-DM-PG-030 | T23: Feb 5, 2025 | AE23: Bengaluru | AF23: 2025-02 | AG23: 2 | AH23: 1 | AI23: 0 | AJ23: =IF($AE23="","",IFERROR(VLOOKUP(TRIM($AE23),DECODE!$H$3:$I$60,2,FALSE),"Rest of India")) | AK23: =IF($N23="","",UPPER(TRIM(LEFT($N23&",",FIND(",",$N23&",")-1)))) | AL23: =IF($AK23="","",MID($AK23,4,FIND("~",SUBSTITUTE($AK23,"-","~",2))-4)) | AM23: =IF($AK23="","",MID($AK23,FIND("~",SUBSTITUTE($AK23,"-","~",2))+1,FIND("~",SUBSTITUTE($AK23,"-","~",3))-FIND("~",SUBSTITUTE($AK23,"-","~",2))-1)) | AN23: =IF($AL23="","",IFERROR(VLOOKUP($AL23,DECODE!$A$3:$C$8,3,FALSE),"?")) | AO23: =IF($AM23="","",IFERROR(VLOOKUP($AL23&"-"&$AM23,DECODE!$E$3:$F$21,2,FALSE),"?")) | AP23: =IF($AK23="","",IFERROR(VALUE(RIGHT($AK23,3)),"")) | AQ23: =IF($T23="","",IFERROR(IF(ISNUMBER($T23),$T23,DATEVALUE(TRIM($T23))),"")) | AR23: =IF($AQ23="","",IF(MONTH($AQ23)>=12,"Cold Winter",IF(MONTH($AQ23)>=10,"Post-Monsoon",IF(MONTH($AQ23)>=6,"Hot Humid",IF(MONTH($AQ23)>=3,"Hot Dry","Cold Winter"))))) | AS23: =IF($AL23="","",IFERROR(VLOOKUP($AL23,DECODE!$A$3:$C$8,2,FALSE),"?")) | AT23: =IF($O23="","",UPPER(TRIM(LEFT($O23&",",FIND(",",$O23&",")-1)))) | AU23: =IF($AT23="","",MID($AT23,4,FIND("~",SUBSTITUTE($AT23,"-","~",2))-4)) | AV23: =IF($AT23="","",MID($AT23,FIND("~",SUBSTITUTE($AT23,"-","~",2))+1,FIND("~",SUBSTITUTE($AT23,"-","~",3))-FIND("~",SUBSTITUTE($AT23,"-","~",2))-1)) | AW23: =IF($AU23="","",IFERROR(VLOOKUP($AU23,DECODE!$A$3:$C$8,3,FALSE),"?")) | AX23: =IF($AV23="","",IFERROR(VLOOKUP($AU23&"-"&$AV23,DECODE!$E$3:$F$21,2,FALSE),"?")) | AY23: =IF($AT23="","",IFERROR(VALUE(RIGHT($AT23,3)),"")) | AZ23: =IF($U23="","",IFERROR(IF(ISNUMBER($U23),$U23,DATEVALUE(TRIM($U23))),"")) | BA23: =IF($AZ23="","",IF(MONTH($AZ23)>=12,"Cold Winter",IF(MONTH($AZ23)>=10,"Post-Monsoon",IF(MONTH($AZ23)>=6,"Hot Humid",IF(MONTH($AZ23)>=3,"Hot Dry","Cold Winter"))))) | BB23: =IF($AU23="","",IFERROR(VLOOKUP($AU23,DECODE!$A$3:$C$8,2,FALSE),"?")) | BC23: =IF($P23="","",UPPER(TRIM(LEFT($P23&",",FIND(",",$P23&",")-1)))) | BD23: =IF($BC23="","",MID($BC23,4,FIND("~",SUBSTITUTE($BC23,"-","~",2))-4)) | BE23: =IF($BC23="","",MID($BC23,FIND("~",SUBSTITUTE($BC23,"-","~",2))+1,FIND("~",SUBSTITUTE($BC23,"-","~",3))-FIND("~",SUBSTITUTE($BC23,"-","~",2))-1)) | BF23: =IF($BD23="","",IFERROR(VLOOKUP($BD23,DECODE!$A$3:$C$8,3,FALSE),"?")) | BG23: =IF($BE23="","",IFERROR(VLOOKUP($BD23&"-"&$BE23,DECODE!$E$3:$F$21,2,FALSE),"?")) | BH23: =IF($BC23="","",IFERROR(VALUE(RIGHT($BC23,3)),"")) | BI23: =IF($V23="","",IFERROR(IF(ISNUMBER($V23),$V23,DATEVALUE(TRIM($V23))),"")) | BJ23: =IF($BI23="","",IF(MONTH($BI23)>=12,"Cold Winter",IF(MONTH($BI23)>=10,"Post-Monsoon",IF(MONTH($BI23)>=6,"Hot Humid",IF(MONTH($BI23)>=3,"Hot Dry","Cold Winter"))))) | BK23: =IF($BD23="","",IFERROR(VLOOKUP($BD23,DECODE!$A$3:$C$8,2,FALSE),"?")) | BL23: =IF($Q23="","",UPPER(TRIM(LEFT($Q23&",",FIND(",",$Q23&",")-1)))) | BM23: =IF($BL23="","",MID($BL23,4,FIND("~",SUBSTITUTE($BL23,"-","~",2))-4)) | BN23: =IF($BL23="","",MID($BL23,FIND("~",SUBSTITUTE($BL23,"-","~",2))+1,FIND("~",SUBSTITUTE($BL23,"-","~",3))-FIND("~",SUBSTITUTE($BL23,"-","~",2))-1)) | BO23: =IF($BM23="","",IFERROR(VLOOKUP($BM23,DECODE!$A$3:$C$8,3,FALSE),"?")) | BP23: =IF($BN23="","",IFERROR(VLOOKUP($BM23&"-"&$BN23,DECODE!$E$3:$F$21,2,FALSE),"?")) | BQ23: =IF($BL23="","",IFERROR(VALUE(RIGHT($BL23,3)),"")) | BR23: =IF($W23="","",IFERROR(IF(ISNUMBER($W23),$W23,DATEVALUE(TRIM($W23))),"")) | BS23: =IF($BR23="","",IF(MONTH($BR23)>=12,"Cold Winter",IF(MONTH($BR23)>=10,"Post-Monsoon",IF(MONTH($BR23)>=6,"Hot Humid",IF(MONTH($BR23)>=3,"Hot Dry","Cold Winter"))))) | BT23: =IF($BM23="","",IFERROR(VLOOKUP($BM23,DECODE!$A$3:$C$8,2,FALSE),"?")) | BU23: =IF($R23="","",UPPER(TRIM(LEFT($R23&",",FIND(",",$R23&",")-1)))) | BV23: =IF($BU23="","",MID($BU23,4,FIND("~",SUBSTITUTE($BU23,"-","~",2))-4)) | BW23: =IF($BU23="","",MID($BU23,FIND("~",SUBSTITUTE($BU23,"-","~",2))+1,FIND("~",SUBSTITUTE($BU23,"-","~",3))-FIND("~",SUBSTITUTE($BU23,"-","~",2))-1)) | BX23: =IF($BV23="","",IFERROR(VLOOKUP($BV23,DECODE!$A$3:$C$8,3,FALSE),"?")) | BY23: =IF($BW23="","",IFERROR(VLOOKUP($BV23&"-"&$BW23,DECODE!$E$3:$F$21,2,FALSE),"?")) | BZ23: =IF($BU23="","",IFERROR(VALUE(RIGHT($BU23,3)),"")) | CA23: =IF($X23="","",IFERROR(IF(ISNUMBER($X23),$X23,DATEVALUE(TRIM($X23))),"")) | CB23: =IF($CA23="","",IF(MONTH($CA23)>=12,"Cold Winter",IF(MONTH($CA23)>=10,"Post-Monsoon",IF(MONTH($CA23)>=6,"Hot Humid",IF(MONTH($CA23)>=3,"Hot Dry","Cold Winter"))))) | CC23: =IF($BV23="","",IFERROR(VLOOKUP($BV23,DECODE!$A$3:$C$8,2,FALSE),"?")) | CD23: =IF($S23="","",UPPER(TRIM(LEFT($S23&",",FIND(",",$S23&",")-1)))) | CE23: =IF($CD23="","",MID($CD23,4,FIND("~",SUBSTITUTE($CD23,"-","~",2))-4)) | CF23: =IF($CD23="","",MID($CD23,FIND("~",SUBSTITUTE($CD23,"-","~",2))+1,FIND("~",SUBSTITUTE($CD23,"-","~",3))-FIND("~",SUBSTITUTE($CD23,"-","~",2))-1)) | CG23: =IF($CE23="","",IFERROR(VLOOKUP($CE23,DECODE!$A$3:$C$8,3,FALSE),"?")) | CH23: =IF($CF23="","",IFERROR(VLOOKUP($CE23&"-"&$CF23,DECODE!$E$3:$F$21,2,FALSE),"?")) | CI23: =IF($CD23="","",IFERROR(VALUE(RIGHT($CD23,3)),"")) | CJ23: =IF($Y23="","",IFERROR(IF(ISNUMBER($Y23),$Y23,DATEVALUE(TRIM($Y23))),"")) | CK23: =IF($CJ23="","",IF(MONTH($CJ23)>=12,"Cold Winter",IF(MONTH($CJ23)>=10,"Post-Monsoon",IF(MONTH($CJ23)>=6,"Hot Humid",IF(MONTH($CJ23)>=3,"Hot Dry","Cold Winter"))))) | CL23: =IF($CE23="","",IFERROR(VLOOKUP($CE23,DECODE!$A$3:$C$8,2,FALSE),"?")) | CM23: =IF($AN23="","",AN23) | CN23: =IF($AO23="","",AO23) | CO23: =IF($AP23="","",AP23) | CP23: =IF($CM23="","",IF($CM23="Aloe Vera Gel","Aloe Vera Gel "&$CO23&"g",CN23&" "&$CO23&"g")) | CQ23: =IF($AT23="",0,1) | CR23: =IF($CQ23=0,"",AW23) | CS23: =IF($CQ23=0,"",AX23) | CT23: =IF($CQ23=0,"",AY23) | CU23: =IF($CR23="","",IF($CR23="Aloe Vera Gel","Aloe Vera Gel "&$CT23&"g",CS23&" "&$CT23&"g")) | CV23: =IF($CQ23=0,"",IF($CP23=$CU23,"Repeat Exact",IF($CT23>$CO23,"Upsized",IF($CT23<$CO23,"Downsized",IF($CM23<>$CR23,"Lateral","Same Size Diff Variant"))))) | CW23: =IF($CQ23=0,"",AZ23-AQ23) | CX23: =IF($CQ23=0,0,IF(CS23=CN23,1,0)) | CY23: =IF($CQ23=0,0,IF(CR23=CM23,1,0)) | CZ23: =IF($A23="","",IF(AND(IF(DASHBOARD!$C$4="All",TRUE,$CM23=DASHBOARD!$C$4),IF(DASHBOARD!$C$6="All",TRUE,$CP23=DASHBOARD!$C$6),IF(DASHBOARD!$C$8="All",TRUE,$AF23>=DASHBOARD!$C$8),IF(DASHBOARD!$C$10="All",TRUE,$AF23<=DASHBOARD!$C$10),IF(DASHBOARD!$C$12="All",TRUE,$AH23=VALUE(DASHBOARD!$C$12)),IF(DASHBOARD!$C$14="All",TRUE,$AJ23=DASHBOARD!$C$14)),1,0))
A24: 32145 | B24: Aloe Vera Gel | H24: Aloe Vera Gel - 80 gms | N24: FC-HG-PA-080 | T24: Oct 16, 2025 | AE24: New Delhi | AF24: 2025-10 | AG24: 10 | AH24: 1 | AI24: 0 | AJ24: =IF($AE24="","",IFERROR(VLOOKUP(TRIM($AE24),DECODE!$H$3:$I$60,2,FALSE),"Rest of India")) | AK24: =IF($N24="","",UPPER(TRIM(LEFT($N24&",",FIND(",",$N24&",")-1)))) | AL24: =IF($AK24="","",MID($AK24,4,FIND("~",SUBSTITUTE($AK24,"-","~",2))-4)) | AM24: =IF($AK24="","",MID($AK24,FIND("~",SUBSTITUTE($AK24,"-","~",2))+1,FIND("~",SUBSTITUTE($AK24,"-","~",3))-FIND("~",SUBSTITUTE($AK24,"-","~",2))-1)) | AN24: =IF($AL24="","",IFERROR(VLOOKUP($AL24,DECODE!$A$3:$C$8,3,FALSE),"?")) | AO24: =IF($AM24="","",IFERROR(VLOOKUP($AL24&"-"&$AM24,DECODE!$E$3:$F$21,2,FALSE),"?")) | AP24: =IF($AK24="","",IFERROR(VALUE(RIGHT($AK24,3)),"")) | AQ24: =IF($T24="","",IFERROR(IF(ISNUMBER($T24),$T24,DATEVALUE(TRIM($T24))),"")) | AR24: =IF($AQ24="","",IF(MONTH($AQ24)>=12,"Cold Winter",IF(MONTH($AQ24)>=10,"Post-Monsoon",IF(MONTH($AQ24)>=6,"Hot Humid",IF(MONTH($AQ24)>=3,"Hot Dry","Cold Winter"))))) | AS24: =IF($AL24="","",IFERROR(VLOOKUP($AL24,DECODE!$A$3:$C$8,2,FALSE),"?")) | AT24: =IF($O24="","",UPPER(TRIM(LEFT($O24&",",FIND(",",$O24&",")-1)))) | AU24: =IF($AT24="","",MID($AT24,4,FIND("~",SUBSTITUTE($AT24,"-","~",2))-4)) | AV24: =IF($AT24="","",MID($AT24,FIND("~",SUBSTITUTE($AT24,"-","~",2))+1,FIND("~",SUBSTITUTE($AT24,"-","~",3))-FIND("~",SUBSTITUTE($AT24,"-","~",2))-1)) | AW24: =IF($AU24="","",IFERROR(VLOOKUP($AU24,DECODE!$A$3:$C$8,3,FALSE),"?")) | AX24: =IF($AV24="","",IFERROR(VLOOKUP($AU24&"-"&$AV24,DECODE!$E$3:$F$21,2,FALSE),"?")) | AY24: =IF($AT24="","",IFERROR(VALUE(RIGHT($AT24,3)),"")) | AZ24: =IF($U24="","",IFERROR(IF(ISNUMBER($U24),$U24,DATEVALUE(TRIM($U24))),"")) | BA24: =IF($AZ24="","",IF(MONTH($AZ24)>=12,"Cold Winter",IF(MONTH($AZ24)>=10,"Post-Monsoon",IF(MONTH($AZ24)>=6,"Hot Humid",IF(MONTH($AZ24)>=3,"Hot Dry","Cold Winter"))))) | BB24: =IF($AU24="","",IFERROR(VLOOKUP($AU24,DECODE!$A$3:$C$8,2,FALSE),"?")) | BC24: =IF($P24="","",UPPER(TRIM(LEFT($P24&",",FIND(",",$P24&",")-1)))) | BD24: =IF($BC24="","",MID($BC24,4,FIND("~",SUBSTITUTE($BC24,"-","~",2))-4)) | BE24: =IF($BC24="","",MID($BC24,FIND("~",SUBSTITUTE($BC24,"-","~",2))+1,FIND("~",SUBSTITUTE($BC24,"-","~",3))-FIND("~",SUBSTITUTE($BC24,"-","~",2))-1)) | BF24: =IF($BD24="","",IFERROR(VLOOKUP($BD24,DECODE!$A$3:$C$8,3,FALSE),"?")) | BG24: =IF($BE24="","",IFERROR(VLOOKUP($BD24&"-"&$BE24,DECODE!$E$3:$F$21,2,FALSE),"?")) | BH24: =IF($BC24="","",IFERROR(VALUE(RIGHT($BC24,3)),"")) | BI24: =IF($V24="","",IFERROR(IF(ISNUMBER($V24),$V24,DATEVALUE(TRIM($V24))),"")) | BJ24: =IF($BI24="","",IF(MONTH($BI24)>=12,"Cold Winter",IF(MONTH($BI24)>=10,"Post-Monsoon",IF(MONTH($BI24)>=6,"Hot Humid",IF(MONTH($BI24)>=3,"Hot Dry","Cold Winter"))))) | BK24: =IF($BD24="","",IFERROR(VLOOKUP($BD24,DECODE!$A$3:$C$8,2,FALSE),"?")) | BL24: =IF($Q24="","",UPPER(TRIM(LEFT($Q24&",",FIND(",",$Q24&",")-1)))) | BM24: =IF($BL24="","",MID($BL24,4,FIND("~",SUBSTITUTE($BL24,"-","~",2))-4)) | BN24: =IF($BL24="","",MID($BL24,FIND("~",SUBSTITUTE($BL24,"-","~",2))+1,FIND("~",SUBSTITUTE($BL24,"-","~",3))-FIND("~",SUBSTITUTE($BL24,"-","~",2))-1)) | BO24: =IF($BM24="","",IFERROR(VLOOKUP($BM24,DECODE!$A$3:$C$8,3,FALSE),"?")) | BP24: =IF($BN24="","",IFERROR(VLOOKUP($BM24&"-"&$BN24,DECODE!$E$3:$F$21,2,FALSE),"?")) | BQ24: =IF($BL24="","",IFERROR(VALUE(RIGHT($BL24,3)),"")) | BR24: =IF($W24="","",IFERROR(IF(ISNUMBER($W24),$W24,DATEVALUE(TRIM($W24))),"")) | BS24: =IF($BR24="","",IF(MONTH($BR24)>=12,"Cold Winter",IF(MONTH($BR24)>=10,"Post-Monsoon",IF(MONTH($BR24)>=6,"Hot Humid",IF(MONTH($BR24)>=3,"Hot Dry","Cold Winter"))))) | BT24: =IF($BM24="","",IFERROR(VLOOKUP($BM24,DECODE!$A$3:$C$8,2,FALSE),"?")) | BU24: =IF($R24="","",UPPER(TRIM(LEFT($R24&",",FIND(",",$R24&",")-1)))) | BV24: =IF($BU24="","",MID($BU24,4,FIND("~",SUBSTITUTE($BU24,"-","~",2))-4)) | BW24: =IF($BU24="","",MID($BU24,FIND("~",SUBSTITUTE($BU24,"-","~",2))+1,FIND("~",SUBSTITUTE($BU24,"-","~",3))-FIND("~",SUBSTITUTE($BU24,"-","~",2))-1)) | BX24: =IF($BV24="","",IFERROR(VLOOKUP($BV24,DECODE!$A$3:$C$8,3,FALSE),"?")) | BY24: =IF($BW24="","",IFERROR(VLOOKUP($BV24&"-"&$BW24,DECODE!$E$3:$F$21,2,FALSE),"?")) | BZ24: =IF($BU24="","",IFERROR(VALUE(RIGHT($BU24,3)),"")) | CA24: =IF($X24="","",IFERROR(IF(ISNUMBER($X24),$X24,DATEVALUE(TRIM($X24))),"")) | CB24: =IF($CA24="","",IF(MONTH($CA24)>=12,"Cold Winter",IF(MONTH($CA24)>=10,"Post-Monsoon",IF(MONTH($CA24)>=6,"Hot Humid",IF(MONTH($CA24)>=3,"Hot Dry","Cold Winter"))))) | CC24: =IF($BV24="","",IFERROR(VLOOKUP($BV24,DECODE!$A$3:$C$8,2,FALSE),"?")) | CD24: =IF($S24="","",UPPER(TRIM(LEFT($S24&",",FIND(",",$S24&",")-1)))) | CE24: =IF($CD24="","",MID($CD24,4,FIND("~",SUBSTITUTE($CD24,"-","~",2))-4)) | CF24: =IF($CD24="","",MID($CD24,FIND("~",SUBSTITUTE($CD24,"-","~",2))+1,FIND("~",SUBSTITUTE($CD24,"-","~",3))-FIND("~",SUBSTITUTE($CD24,"-","~",2))-1)) | CG24: =IF($CE24="","",IFERROR(VLOOKUP($CE24,DECODE!$A$3:$C$8,3,FALSE),"?")) | CH24: =IF($CF24="","",IFERROR(VLOOKUP($CE24&"-"&$CF24,DECODE!$E$3:$F$21,2,FALSE),"?")) | CI24: =IF($CD24="","",IFERROR(VALUE(RIGHT($CD24,3)),"")) | CJ24: =IF($Y24="","",IFERROR(IF(ISNUMBER($Y24),$Y24,DATEVALUE(TRIM($Y24))),"")) | CK24: =IF($CJ24="","",IF(MONTH($CJ24)>=12,"Cold Winter",IF(MONTH($CJ24)>=10,"Post-Monsoon",IF(MONTH($CJ24)>=6,"Hot Humid",IF(MONTH($CJ24)>=3,"Hot Dry","Cold Winter"))))) | CL24: =IF($CE24="","",IFERROR(VLOOKUP($CE24,DECODE!$A$3:$C$8,2,FALSE),"?")) | CM24: =IF($AN24="","",AN24) | CN24: =IF($AO24="","",AO24) | CO24: =IF($AP24="","",AP24) | CP24: =IF($CM24="","",IF($CM24="Aloe Vera Gel","Aloe Vera Gel "&$CO24&"g",CN24&" "&$CO24&"g")) | CQ24: =IF($AT24="",0,1) | CR24: =IF($CQ24=0,"",AW24) | CS24: =IF($CQ24=0,"",AX24) | CT24: =IF($CQ24=0,"",AY24) | CU24: =IF($CR24="","",IF($CR24="Aloe Vera Gel","Aloe Vera Gel "&$CT24&"g",CS24&" "&$CT24&"g")) | CV24: =IF($CQ24=0,"",IF($CP24=$CU24,"Repeat Exact",IF($CT24>$CO24,"Upsized",IF($CT24<$CO24,"Downsized",IF($CM24<>$CR24,"Lateral","Same Size Diff Variant"))))) | CW24: =IF($CQ24=0,"",AZ24-AQ24) | CX24: =IF($CQ24=0,0,IF(CS24=CN24,1,0)) | CY24: =IF($CQ24=0,0,IF(CR24=CM24,1,0)) | CZ24: =IF($A24="","",IF(AND(IF(DASHBOARD!$C$4="All",TRUE,$CM24=DASHBOARD!$C$4),IF(DASHBOARD!$C$6="All",TRUE,$CP24=DASHBOARD!$C$6),IF(DASHBOARD!$C$8="All",TRUE,$AF24>=DASHBOARD!$C$8),IF(DASHBOARD!$C$10="All",TRUE,$AF24<=DASHBOARD!$C$10),IF(DASHBOARD!$C$12="All",TRUE,$AH24=VALUE(DASHBOARD!$C$12)),IF(DASHBOARD!$C$14="All",TRUE,$AJ24=DASHBOARD!$C$14)),1,0))
A25: 32627 | B25: Face Malai | H25: Tomato Patchouli (Cold) 20 - 35 Yrs Face Malai, Turmeric Nutmeg (Pigmentation) Face Malai - 30g | N25: FC-CWDM-TP-030, FC-DM-PG-030 | T25: Dec 24, 2025 | AE25: New Delhi | AF25: 2025-12 | AG25: 12 | AH25: 1 | AI25: 0 | AJ25: =IF($AE25="","",IFERROR(VLOOKUP(TRIM($AE25),DECODE!$H$3:$I$60,2,FALSE),"Rest of India")) | AK25: =IF($N25="","",UPPER(TRIM(LEFT($N25&",",FIND(",",$N25&",")-1)))) | AL25: =IF($AK25="","",MID($AK25,4,FIND("~",SUBSTITUTE($AK25,"-","~",2))-4)) | AM25: =IF($AK25="","",MID($AK25,FIND("~",SUBSTITUTE($AK25,"-","~",2))+1,FIND("~",SUBSTITUTE($AK25,"-","~",3))-FIND("~",SUBSTITUTE($AK25,"-","~",2))-1)) | AN25: =IF($AL25="","",IFERROR(VLOOKUP($AL25,DECODE!$A$3:$C$8,3,FALSE),"?")) | AO25: =IF($AM25="","",IFERROR(VLOOKUP($AL25&"-"&$AM25,DECODE!$E$3:$F$21,2,FALSE),"?")) | AP25: =IF($AK25="","",IFERROR(VALUE(RIGHT($AK25,3)),"")) | AQ25: =IF($T25="","",IFERROR(IF(ISNUMBER($T25),$T25,DATEVALUE(TRIM($T25))),"")) | AR25: =IF($AQ25="","",IF(MONTH($AQ25)>=12,"Cold Winter",IF(MONTH($AQ25)>=10,"Post-Monsoon",IF(MONTH($AQ25)>=6,"Hot Humid",IF(MONTH($AQ25)>=3,"Hot Dry","Cold Winter"))))) | AS25: =IF($AL25="","",IFERROR(VLOOKUP($AL25,DECODE!$A$3:$C$8,2,FALSE),"?")) | AT25: =IF($O25="","",UPPER(TRIM(LEFT($O25&",",FIND(",",$O25&",")-1)))) | AU25: =IF($AT25="","",MID($AT25,4,FIND("~",SUBSTITUTE($AT25,"-","~",2))-4)) | AV25: =IF($AT25="","",MID($AT25,FIND("~",SUBSTITUTE($AT25,"-","~",2))+1,FIND("~",SUBSTITUTE($AT25,"-","~",3))-FIND("~",SUBSTITUTE($AT25,"-","~",2))-1)) | AW25: =IF($AU25="","",IFERROR(VLOOKUP($AU25,DECODE!$A$3:$C$8,3,FALSE),"?")) | AX25: =IF($AV25="","",IFERROR(VLOOKUP($AU25&"-"&$AV25,DECODE!$E$3:$F$21,2,FALSE),"?")) | AY25: =IF($AT25="","",IFERROR(VALUE(RIGHT($AT25,3)),"")) | AZ25: =IF($U25="","",IFERROR(IF(ISNUMBER($U25),$U25,DATEVALUE(TRIM($U25))),"")) | BA25: =IF($AZ25="","",IF(MONTH($AZ25)>=12,"Cold Winter",IF(MONTH($AZ25)>=10,"Post-Monsoon",IF(MONTH($AZ25)>=6,"Hot Humid",IF(MONTH($AZ25)>=3,"Hot Dry","Cold Winter"))))) | BB25: =IF($AU25="","",IFERROR(VLOOKUP($AU25,DECODE!$A$3:$C$8,2,FALSE),"?")) | BC25: =IF($P25="","",UPPER(TRIM(LEFT($P25&",",FIND(",",$P25&",")-1)))) | BD25: =IF($BC25="","",MID($BC25,4,FIND("~",SUBSTITUTE($BC25,"-","~",2))-4)) | BE25: =IF($BC25="","",MID($BC25,FIND("~",SUBSTITUTE($BC25,"-","~",2))+1,FIND("~",SUBSTITUTE($BC25,"-","~",3))-FIND("~",SUBSTITUTE($BC25,"-","~",2))-1)) | BF25: =IF($BD25="","",IFERROR(VLOOKUP($BD25,DECODE!$A$3:$C$8,3,FALSE),"?")) | BG25: =IF($BE25="","",IFERROR(VLOOKUP($BD25&"-"&$BE25,DECODE!$E$3:$F$21,2,FALSE),"?")) | BH25: =IF($BC25="","",IFERROR(VALUE(RIGHT($BC25,3)),"")) | BI25: =IF($V25="","",IFERROR(IF(ISNUMBER($V25),$V25,DATEVALUE(TRIM($V25))),"")) | BJ25: =IF($BI25="","",IF(MONTH($BI25)>=12,"Cold Winter",IF(MONTH($BI25)>=10,"Post-Monsoon",IF(MONTH($BI25)>=6,"Hot Humid",IF(MONTH($BI25)>=3,"Hot Dry","Cold Winter"))))) | BK25: =IF($BD25="","",IFERROR(VLOOKUP($BD25,DECODE!$A$3:$C$8,2,FALSE),"?")) | BL25: =IF($Q25="","",UPPER(TRIM(LEFT($Q25&",",FIND(",",$Q25&",")-1)))) | BM25: =IF($BL25="","",MID($BL25,4,FIND("~",SUBSTITUTE($BL25,"-","~",2))-4)) | BN25: =IF($BL25="","",MID($BL25,FIND("~",SUBSTITUTE($BL25,"-","~",2))+1,FIND("~",SUBSTITUTE($BL25,"-","~",3))-FIND("~",SUBSTITUTE($BL25,"-","~",2))-1)) | BO25: =IF($BM25="","",IFERROR(VLOOKUP($BM25,DECODE!$A$3:$C$8,3,FALSE),"?")) | BP25: =IF($BN25="","",IFERROR(VLOOKUP($BM25&"-"&$BN25,DECODE!$E$3:$F$21,2,FALSE),"?")) | BQ25: =IF($BL25="","",IFERROR(VALUE(RIGHT($BL25,3)),"")) | BR25: =IF($W25="","",IFERROR(IF(ISNUMBER($W25),$W25,DATEVALUE(TRIM($W25))),"")) | BS25: =IF($BR25="","",IF(MONTH($BR25)>=12,"Cold Winter",IF(MONTH($BR25)>=10,"Post-Monsoon",IF(MONTH($BR25)>=6,"Hot Humid",IF(MONTH($BR25)>=3,"Hot Dry","Cold Winter"))))) | BT25: =IF($BM25="","",IFERROR(VLOOKUP($BM25,DECODE!$A$3:$C$8,2,FALSE),"?")) | BU25: =IF($R25="","",UPPER(TRIM(LEFT($R25&",",FIND(",",$R25&",")-1)))) | BV25: =IF($BU25="","",MID($BU25,4,FIND("~",SUBSTITUTE($BU25,"-","~",2))-4)) | BW25: =IF($BU25="","",MID($BU25,FIND("~",SUBSTITUTE($BU25,"-","~",2))+1,FIND("~",SUBSTITUTE($BU25,"-","~",3))-FIND("~",SUBSTITUTE($BU25,"-","~",2))-1)) | BX25: =IF($BV25="","",IFERROR(VLOOKUP($BV25,DECODE!$A$3:$C$8,3,FALSE),"?")) | BY25: =IF($BW25="","",IFERROR(VLOOKUP($BV25&"-"&$BW25,DECODE!$E$3:$F$21,2,FALSE),"?")) | BZ25: =IF($BU25="","",IFERROR(VALUE(RIGHT($BU25,3)),"")) | CA25: =IF($X25="","",IFERROR(IF(ISNUMBER($X25),$X25,DATEVALUE(TRIM($X25))),"")) | CB25: =IF($CA25="","",IF(MONTH($CA25)>=12,"Cold Winter",IF(MONTH($CA25)>=10,"Post-Monsoon",IF(MONTH($CA25)>=6,"Hot Humid",IF(MONTH($CA25)>=3,"Hot Dry","Cold Winter"))))) | CC25: =IF($BV25="","",IFERROR(VLOOKUP($BV25,DECODE!$A$3:$C$8,2,FALSE),"?")) | CD25: =IF($S25="","",UPPER(TRIM(LEFT($S25&",",FIND(",",$S25&",")-1)))) | CE25: =IF($CD25="","",MID($CD25,4,FIND("~",SUBSTITUTE($CD25,"-","~",2))-4)) | CF25: =IF($CD25="","",MID($CD25,FIND("~",SUBSTITUTE($CD25,"-","~",2))+1,FIND("~",SUBSTITUTE($CD25,"-","~",3))-FIND("~",SUBSTITUTE($CD25,"-","~",2))-1)) | CG25: =IF($CE25="","",IFERROR(VLOOKUP($CE25,DECODE!$A$3:$C$8,3,FALSE),"?")) | CH25: =IF($CF25="","",IFERROR(VLOOKUP($CE25&"-"&$CF25,DECODE!$E$3:$F$21,2,FALSE),"?")) | CI25: =IF($CD25="","",IFERROR(VALUE(RIGHT($CD25,3)),"")) | CJ25: =IF($Y25="","",IFERROR(IF(ISNUMBER($Y25),$Y25,DATEVALUE(TRIM($Y25))),"")) | CK25: =IF($CJ25="","",IF(MONTH($CJ25)>=12,"Cold Winter",IF(MONTH($CJ25)>=10,"Post-Monsoon",IF(MONTH($CJ25)>=6,"Hot Humid",IF(MONTH($CJ25)>=3,"Hot Dry","Cold Winter"))))) | CL25: =IF($CE25="","",IFERROR(VLOOKUP($CE25,DECODE!$A$3:$C$8,2,FALSE),"?")) | CM25: =IF($AN25="","",AN25) | CN25: =IF($AO25="","",AO25) | CO25: =IF($AP25="","",AP25) | CP25: =IF($CM25="","",IF($CM25="Aloe Vera Gel","Aloe Vera Gel "&$CO25&"g",CN25&" "&$CO25&"g")) | CQ25: =IF($AT25="",0,1) | CR25: =IF($CQ25=0,"",AW25) | CS25: =IF($CQ25=0,"",AX25) | CT25: =IF($CQ25=0,"",AY25) | CU25: =IF($CR25="","",IF($CR25="Aloe Vera Gel","Aloe Vera Gel "&$CT25&"g",CS25&" "&$CT25&"g")) | CV25: =IF($CQ25=0,"",IF($CP25=$CU25,"Repeat Exact",IF($CT25>$CO25,"Upsized",IF($CT25<$CO25,"Downsized",IF($CM25<>$CR25,"Lateral","Same Size Diff Variant"))))) | CW25: =IF($CQ25=0,"",AZ25-AQ25) | CX25: =IF($CQ25=0,0,IF(CS25=CN25,1,0)) | CY25: =IF($CQ25=0,0,IF(CR25=CM25,1,0)) | CZ25: =IF($A25="","",IF(AND(IF(DASHBOARD!$C$4="All",TRUE,$CM25=DASHBOARD!$C$4),IF(DASHBOARD!$C$6="All",TRUE,$CP25=DASHBOARD!$C$6),IF(DASHBOARD!$C$8="All",TRUE,$AF25>=DASHBOARD!$C$8),IF(DASHBOARD!$C$10="All",TRUE,$AF25<=DASHBOARD!$C$10),IF(DASHBOARD!$C$12="All",TRUE,$AH25=VALUE(DASHBOARD!$C$12)),IF(DASHBOARD!$C$14="All",TRUE,$AJ25=DASHBOARD!$C$14)),1,0))
